temoignage.avantFormation,temoignage.pourquoiCetteFormation,temoignage.passeEntreprise,temoignage.cfaAideTrouverEntreprise,temoignage.commentTrouverEntreprise,temoignage.difficileEntreprise,temoignage.commentCaSePasseEntreprise,temoignage.commentVisTonExperienceEntreprise,temoignage.aideCfaExperience,temoignage.droitsEtDevoirs,temoignage.commentCaSePasseCfa,temoignage.commentVisTonExperienceCfa,temoignage.sensTuAccompagneAuCfa,temoignage.contentApprentissage,temoignage.fierFormation,temoignage.aideCfaExperienceAutre,temoignage.peurChangementConseil.status,temoignage.peurChangementConseil.content,temoignage.trouverEntrepriseConseil.status,temoignage.trouverEntrepriseConseil.content,temoignage.choseMarquanteConseil.status,temoignage.choseMarquanteConseil.content,temoignage.differenceCollegeCfaConseil.status,temoignage.differenceCollegeCfaConseil.content,temoignage.descriptionMetierConseil.status,temoignage.descriptionMetierConseil.content,temoignage.commentTrouverEntrepriseAutre.status,temoignage.commentTrouverEntrepriseAutre.content,temoignage.cfaAideTrouverEntrepriseAutre,temoignage.avantFormationAutre.status,temoignage.avantFormationAutre.content,temoignage.difficileEntrepriseAutre.status,temoignage.difficileEntrepriseAutre.content,temoignage.peurChangementConseil,temoignage.trouverEntrepriseConseil,temoignage.choseMarquanteConseil,temoignage.differenceCollegeCfaConseil,temoignage.descriptionMetierConseil,temoignage.difficileEntrepriseAutre,temoignage.commentTrouverEntrepriseAutre,temoignage.avantFormationAutre
['Lyc√©e (g√©n√©ral ou technologique ou professionnel)'],"['Travailler, apprendre le m√©tier qui me pla√Æt']",,,,,,,,,,,,,,,,,,,,,,,,,,,,,,,,,,,,,,,
['Lyc√©e (g√©n√©ral ou technologique ou professionnel)'],"['Travailler, apprendre le m√©tier qui me pla√Æt']",Mal,Oui j‚Äôai eu besoin de lui et il m‚Äôa aid√©,"[""Une personne de ma famille ou de mon entourage m'a aid√©¬∑e""]",['Trouver des entreprises √† contacter'],Moyen,"[{'label': '<strong>Le rythme</strong> entreprise <-> √©cole', 'value': 'Bien'}, {'label': '<strong>Les horaires</strong> en entreprise', 'value': 'Moyen'}, {'label': 'D‚Äôavoir moins de <strong>vacances</strong>', 'value': 'Moyen'}, {'label': '<strong>Ce que tu apprends de ce m√©tier</strong> dans ton entreprise', 'value': 'Moyen'}, {'label': '<strong>Ton int√©gration et l‚Äôambiance</strong> dans ton entreprise', 'value': 'Moyen'}]",Oui j‚Äôai besoin de son aide,"['Tes droits du travail (cong√©s, horaires)', 'Ta sant√© au travail (mutuelle...)']",Bien,"[{'label': ""<strong>L'ambiance</strong>"", 'value': 'Bien'}, {'label': '<strong>Le niveau de difficult√© des cours</strong>', 'value': 'Moyen'}, {'label': '<strong>La charge de travail</strong>', 'value': 'Moyen'}, {'label': '<strong>Les √©quipements</strong> mis √† ta disposition au CFA', 'value': 'Moyen'}, {'label': '<strong>L‚Äôenseignement</strong> propos√© par le CFA', 'value': 'Moyen'}, {'label': '<strong>L‚Äôaccessibilit√© du CFA</strong> pour les personnes en situation de handicap', 'value': 'Moyen'}]","Oui, ils sont disponibles tout en nous laissant beaucoup en autonomie",Moyen,"[{'label': '<strong>Je communique mieux</strong>', 'value': 'Oui'}, {'label': '<strong>J‚Äôai gagn√© en confiance en moi</strong>', 'value': 'Oui'}, {'label': '<strong>Je suis autonome financi√®rement</strong>', 'value': 'Oui'}, {'label': ""<strong>J'ai trouv√© ma voie,</strong> je me sens √† ma place"", 'value': 'Oui'}, {'label': ""<strong>J'ai √©t√© f√©licit√©¬∑e pour mon travail</strong>"", 'value': 'Oui'}]","['Je n‚Äôapprends pas du tout le m√©tier que je suis cens√©¬∑e d√©couvrir', 'L‚Äôentreprise abuse de mon temps, je fais beaucoup trop d‚Äôheures']",VALIDATED,√™tre r√©mun√©r√© moins de semaine a l‚Äô√©cole,VALIDATED,tres compliqu√© en bac pro cgeh en tous cas pas beaucoup de patron veulent prendre et encore moins r√©mun√©r√©,ALERT,que les patrons nous prennes pour des esclaves,VALIDATED,r√©veill√© √† 6:30 pour pouvoir partir √† 7:30 grand maximum d√©jeuner jusqu‚Äô√† 7:55 max 8h00 rentr√©e en cours pause √† 9:50 apr√®s reprendre les cours ‚Ä¶ bref apr√®s 17:25 fin des cours attendre que l‚Äôinternat ouvre √† 17:50 apr√®s repas √† 18:45 et on rentre pas en chambre avant 21h car y‚Äôa le foyer ( personne veux y‚Äôaller ) sa sert strictement √† rien beaucoup d‚Äô√©l√®ve aimerai √™tre tranquillement dans leurs chambres prendre la douche/devoirs,VALIDATED,nourrir - ramasser les crottins - gestion des couvertures hiver/√©t√© abreuvoir,,,,,,,,,,,,,,,
['Coll√®ge'],"['Travailler, apprendre le m√©tier qui me pla√Æt', ""√ätre vite autonome et gagner de l'argent""]",Bien,"Non je n‚Äôai pas eu besoin de lui, j‚Äôai trouv√© mon entreprise autrement",['En me d√©brouillant tout¬∑e seul¬∑e'],['Rien ! Je n‚Äôai rencontr√© aucune difficult√©'],Bien,"[{'label': '<strong>Le rythme</strong> entreprise <-> √©cole', 'value': 'Moyen'}, {'label': '<strong>Les horaires</strong> en entreprise', 'value': 'Bien'}, {'label': 'D‚Äôavoir moins de <strong>vacances</strong>', 'value': 'Pas ok'}, {'label': '<strong>Ce que tu apprends de ce m√©tier</strong> dans ton entreprise', 'value': 'Bien'}, {'label': '<strong>Ton int√©gration et l‚Äôambiance</strong> dans ton entreprise', 'value': 'Bien'}]",Non je n‚Äôai pas besoin de son aide et/ou je peux g√©rer seul¬∑e ma situation,"['Ta sant√© au travail (mutuelle...)', 'Ta s√©curit√©', 'Tes droits du travail (cong√©s, horaires)', 'Tes r√©mun√©rations (paye, primes...)']",Moyen,"[{'label': ""<strong>L'ambiance</strong>"", 'value': 'Bien'}, {'label': '<strong>Le niveau de difficult√© des cours</strong>', 'value': 'Bien'}, {'label': '<strong>La charge de travail</strong>', 'value': 'Moyen'}, {'label': '<strong>Les √©quipements</strong> mis √† ta disposition au CFA', 'value': 'Moyen'}, {'label': '<strong>L‚Äôenseignement</strong> propos√© par le CFA', 'value': 'Moyen'}, {'label': '<strong>L‚Äôaccessibilit√© du CFA</strong> pour les personnes en situation de handicap', 'value': 'Bien'}]","Oui, ils sont disponibles tout en nous laissant beaucoup en autonomie",Moyen,"[{'label': '<strong>Je communique mieux</strong>', 'value': 'Oui'}, {'label': '<strong>J‚Äôai gagn√© en confiance en moi</strong>', 'value': 'Oui'}, {'label': '<strong>Je suis autonome financi√®rement</strong>', 'value': 'Oui'}, {'label': ""<strong>J'ai trouv√© ma voie,</strong> je me sens √† ma place"", 'value': 'Moyen'}, {'label': ""<strong>J'ai √©t√© f√©licit√©¬∑e pour mon travail</strong>"", 'value': 'Oui'}]",,VALIDATED,On est beaucoup plus autonome. On travaille dans un domaine qui nous pla√Æt.,VALIDATED,"J‚Äôai pris l‚Äôentreprise dans la quelle je monte √† cheval. Sinon tu peux aller te renseigner dans des entreprises qui te plaise, en allant le rencontrer directement ou bien leurs envoyer une lettre de motivation ",VALIDATED,J‚Äôaurais aim√© savoir que dans la gestion hippique c‚Äôest tr√®s physique comme dans plusieurs autre formation,VALIDATED,"On a cours tout les jours. Le soir on va  au foyer , parfois on a des soir√©es propos√©es et des activit√©s telles que des quiz des soir√©es foot ect..",VALIDATED,"Je nourris les chevaux, je nettoie les box, je nettoie la structure et monte √† cheval",VALIDATED,J‚Äôai pris mon chef d‚Äôentreprise dans l‚Äô√©curie o√π je monte,,,,,,,,,,,,,
['Coll√®ge'],"['Travailler, apprendre le m√©tier qui me pla√Æt', ""√ätre vite autonome et gagner de l'argent"", ""√ätre moins √† l'√©cole""]",Bien,"Non je n‚Äôai pas eu besoin de lui, j‚Äôai trouv√© mon entreprise autrement","['En me d√©brouillant tout¬∑e seul¬∑e', 'Autrement']",['Rien ! Je n‚Äôai rencontr√© aucune difficult√©'],Bien,"[{'label': '<strong>Le rythme</strong> entreprise <-> √©cole', 'value': 'Moyen'}, {'label': '<strong>Les horaires</strong> en entreprise', 'value': 'Bien'}, {'label': 'D‚Äôavoir moins de <strong>vacances</strong>', 'value': 'Bien'}, {'label': '<strong>Ce que tu apprends de ce m√©tier</strong> dans ton entreprise', 'value': 'Bien'}, {'label': '<strong>Ton int√©gration et l‚Äôambiance</strong> dans ton entreprise', 'value': 'Bien'}]",Non je n‚Äôai pas besoin de son aide et/ou je peux g√©rer seul¬∑e ma situation,"['Ta sant√© au travail (mutuelle...)', 'Ta s√©curit√©', 'Tes droits du travail (cong√©s, horaires)', 'Tes r√©mun√©rations (paye, primes...)']",Moyen,"[{'label': ""<strong>L'ambiance</strong>"", 'value': 'Moyen'}, {'label': '<strong>Le niveau de difficult√© des cours</strong>', 'value': 'Bien'}, {'label': '<strong>La charge de travail</strong>', 'value': 'Bien'}, {'label': '<strong>Les √©quipements</strong> mis √† ta disposition au CFA', 'value': 'Bien'}, {'label': '<strong>L‚Äôenseignement</strong> propos√© par le CFA', 'value': 'Bien'}, {'label': '<strong>L‚Äôaccessibilit√© du CFA</strong> pour les personnes en situation de handicap', 'value': 'Bien'}]",Oui les formateurs et l'√©quipe encadrante sont tr√®s disponibles,Bien,"[{'label': '<strong>Je communique mieux</strong>', 'value': 'Moyen'}, {'label': '<strong>J‚Äôai gagn√© en confiance en moi</strong>', 'value': 'Oui'}, {'label': '<strong>Je suis autonome financi√®rement</strong>', 'value': 'Oui'}, {'label': ""<strong>J'ai trouv√© ma voie,</strong> je me sens √† ma place"", 'value': 'Oui'}, {'label': ""<strong>J'ai √©t√© f√©licit√©¬∑e pour mon travail</strong>"", 'value': 'Oui'}]",,VALIDATED,Rien juste il y a moins de semaine de cours donc les contr√¥les arrivent vite,VALIDATED,Favorise les entreprises que tu connais d√©j√† et tu peux y faire des stage,VALIDATED,Sa va √™tre cool mais dure au d√©but ne rel√¢che pas les efforts,ALERT,Le plus important pour c'est quand les professeurs sont absents les internes on l'obligation d'attendre dans une salle üò°ü§¨ü§¨,VALIDATED,On monte √† cheval on soigne les chevaux malade on apprend √† √™tre autonome dans toute situation,VALIDATED,Je connaissais d√©j√† le lieu depuis 1ans,,,,,,,,,,,,,
['Coll√®ge'],"['Travailler, apprendre le m√©tier qui me pla√Æt', ""√ätre vite autonome et gagner de l'argent"", ""√ätre moins √† l'√©cole""]",Bien,"Non je n‚Äôai pas eu besoin de lui, j‚Äôai trouv√© mon entreprise autrement","[""Une personne de ma famille ou de mon entourage m'a aid√©¬∑e""]",['Rien ! Je n‚Äôai rencontr√© aucune difficult√©'],Bien,"[{'label': '<strong>Le rythme</strong> entreprise <-> √©cole', 'value': 'Bien'}, {'label': '<strong>Les horaires</strong> en entreprise', 'value': 'Bien'}, {'label': 'D‚Äôavoir moins de <strong>vacances</strong>', 'value': 'Moyen'}, {'label': '<strong>Ce que tu apprends de ce m√©tier</strong> dans ton entreprise', 'value': 'Bien'}, {'label': '<strong>Ton int√©gration et l‚Äôambiance</strong> dans ton entreprise', 'value': 'Bien'}]",Non je n‚Äôai pas besoin de son aide et/ou je peux g√©rer seul¬∑e ma situation,"['Ta s√©curit√©', 'Tes droits du travail (cong√©s, horaires)', 'Tes r√©mun√©rations (paye, primes...)']",Bien,"[{'label': ""<strong>L'ambiance</strong>"", 'value': 'Bien'}, {'label': '<strong>Le niveau de difficult√© des cours</strong>', 'value': 'Moyen'}, {'label': '<strong>La charge de travail</strong>', 'value': 'Moyen'}, {'label': '<strong>Les √©quipements</strong> mis √† ta disposition au CFA', 'value': 'Bien'}, {'label': '<strong>L‚Äôenseignement</strong> propos√© par le CFA', 'value': 'Bien'}, {'label': '<strong>L‚Äôaccessibilit√© du CFA</strong> pour les personnes en situation de handicap', 'value': 'Bien'}]","Oui, ils sont disponibles tout en nous laissant beaucoup en autonomie",Bien,"[{'label': '<strong>Je communique mieux</strong>', 'value': 'Oui'}, {'label': '<strong>J‚Äôai gagn√© en confiance en moi</strong>', 'value': 'Oui'}, {'label': '<strong>Je suis autonome financi√®rement</strong>', 'value': 'Oui'}, {'label': ""<strong>J'ai trouv√© ma voie,</strong> je me sens √† ma place"", 'value': 'Oui'}, {'label': ""<strong>J'ai √©t√© f√©licit√©¬∑e pour mon travail</strong>"", 'value': 'Oui'}]",,VALIDATED,Moins d'√©cole un peu d'argent un autre syst√®me d'apprentissage a l'√©cole,VALIDATED,Je suis all√© dans l'entreprise de mon p√®re,VALIDATED,C'est plus fatiguant que l'√©cole,VALIDATED,On passe un journ√©e normale tout en parlant de notre m√©tier ce qui donne plus envie d'√™tre en cours,VALIDATED,En tant que paysagiste je travaille en ext√©rieur a entretenir les jardins,,,,,,,,,,,,,,,
['Lyc√©e (g√©n√©ral ou technologique ou professionnel)'],,,,,,,,,,,,,,,,,,,,,,,,,,,,,,,,,,,,,,,,
['Coll√®ge'],"['Travailler, apprendre le m√©tier qui me pla√Æt', ""√ätre vite autonome et gagner de l'argent"", ""√ätre moins √† l'√©cole""]",Bien,"Non je n‚Äôai pas eu besoin de lui, j‚Äôai trouv√© mon entreprise autrement","[""Une personne de ma famille ou de mon entourage m'a aid√©¬∑e""]",['Rien ! Je n‚Äôai rencontr√© aucune difficult√©'],Bien,"[{'label': '<strong>Le rythme</strong> entreprise <-> √©cole', 'value': 'Bien'}, {'label': '<strong>Les horaires</strong> en entreprise', 'value': 'Bien'}, {'label': 'D‚Äôavoir moins de <strong>vacances</strong>', 'value': 'Bien'}, {'label': '<strong>Ce que tu apprends de ce m√©tier</strong> dans ton entreprise', 'value': 'Bien'}, {'label': '<strong>Ton int√©gration et l‚Äôambiance</strong> dans ton entreprise', 'value': 'Bien'}]",Non je n‚Äôai pas besoin de son aide et/ou je peux g√©rer seul¬∑e ma situation,"['Ta sant√© au travail (mutuelle...)', 'Ta s√©curit√©', 'Ta mobilit√© (aide au permis)', 'Tes droits du travail (cong√©s, horaires)', 'Tes r√©mun√©rations (paye, primes...)']",Bien,"[{'label': ""<strong>L'ambiance</strong>"", 'value': 'Bien'}, {'label': '<strong>Le niveau de difficult√© des cours</strong>', 'value': 'Bien'}, {'label': '<strong>La charge de travail</strong>', 'value': 'Bien'}, {'label': '<strong>Les √©quipements</strong> mis √† ta disposition au CFA', 'value': 'Bien'}, {'label': '<strong>L‚Äôenseignement</strong> propos√© par le CFA', 'value': 'Bien'}, {'label': '<strong>L‚Äôaccessibilit√© du CFA</strong> pour les personnes en situation de handicap', 'value': 'Bien'}]","Oui, ils sont disponibles tout en nous laissant beaucoup en autonomie",Bien,"[{'label': '<strong>Je communique mieux</strong>', 'value': 'Oui'}, {'label': '<strong>J‚Äôai gagn√© en confiance en moi</strong>', 'value': 'Oui'}, {'label': '<strong>Je suis autonome financi√®rement</strong>', 'value': 'Oui'}, {'label': ""<strong>J'ai trouv√© ma voie,</strong> je me sens √† ma place"", 'value': 'Oui'}, {'label': ""<strong>J'ai √©t√© f√©licit√©¬∑e pour mon travail</strong>"", 'value': 'Oui'}]",,VALIDATED,Tu es plus souvent au travail,TO_FIX,J ai aucun conseil √† donner,TO_FIX,Rien de sp√©cial,,,,,,,,,,,,,,,,,,,
['Lyc√©e (g√©n√©ral ou technologique ou professionnel)'],"['Travailler, apprendre le m√©tier qui me pla√Æt', ""√ätre vite autonome et gagner de l'argent"", ""√ätre moins √† l'√©cole""]",Mal,Oui j‚Äôai eu besoin de lui et il m‚Äôa aid√©,"[""Une personne de ma famille ou de mon entourage m'a aid√©¬∑e""]",['Pr√©parer et passer mes premiers entretiens'],Bien,"[{'label': '<strong>Le rythme</strong> entreprise <-> √©cole', 'value': 'Moyen'}, {'label': '<strong>Les horaires</strong> en entreprise', 'value': 'Bien'}, {'label': 'D‚Äôavoir moins de <strong>vacances</strong>', 'value': 'Bien'}, {'label': '<strong>Ce que tu apprends de ce m√©tier</strong> dans ton entreprise', 'value': 'Bien'}, {'label': '<strong>Ton int√©gration et l‚Äôambiance</strong> dans ton entreprise', 'value': 'Bien'}]",Non je n‚Äôai pas besoin de son aide et/ou je peux g√©rer seul¬∑e ma situation,"['Ta sant√© au travail (mutuelle...)', 'Ta s√©curit√©', 'Ta mobilit√© (aide au permis)', 'Tes r√©mun√©rations (paye, primes...)', 'Tes droits du travail (cong√©s, horaires)']",Bien,"[{'label': ""<strong>L'ambiance</strong>"", 'value': 'Bien'}, {'label': '<strong>Le niveau de difficult√© des cours</strong>', 'value': 'Bien'}, {'label': '<strong>La charge de travail</strong>', 'value': 'Bien'}, {'label': '<strong>Les √©quipements</strong> mis √† ta disposition au CFA', 'value': 'Bien'}, {'label': '<strong>L‚Äôenseignement</strong> propos√© par le CFA', 'value': 'Bien'}, {'label': '<strong>L‚Äôaccessibilit√© du CFA</strong> pour les personnes en situation de handicap', 'value': 'Bien'}]",Oui les formateurs et l'√©quipe encadrante sont tr√®s disponibles,Bien,"[{'label': '<strong>Je communique mieux</strong>', 'value': 'Oui'}, {'label': '<strong>J‚Äôai gagn√© en confiance en moi</strong>', 'value': 'Oui'}, {'label': '<strong>Je suis autonome financi√®rement</strong>', 'value': 'Oui'}, {'label': ""<strong>J'ai trouv√© ma voie,</strong> je me sens √† ma place"", 'value': 'Oui'}, {'label': ""<strong>J'ai √©t√© f√©licit√©¬∑e pour mon travail</strong>"", 'value': 'Oui'}]",,VALIDATED,"Tu seras autonome plus rapidement
Tu va gagne de l'argent et tu sera moin a l √©cole ",VALIDATED,Renseigne toi sur des site ou des proche a toi,REJECTED,,VALIDATED,"Le rythme des cours et all√©g√©, il y autant de cours pratique que de cours g√©n√©ral",VALIDATED,Entretien cr√©ation,,,,,,,,,,,,,,,
['Autre formation en apprentissage'],"[""√ätre vite autonome et gagner de l'argent"", 'Travailler, apprendre le m√©tier qui me pla√Æt', ""√ätre moins √† l'√©cole""]",Bien,"Non je n‚Äôai pas eu besoin de lui, j‚Äôai trouv√© mon entreprise autrement","['En me d√©brouillant tout¬∑e seul¬∑e', ""Une personne de ma famille ou de mon entourage m'a aid√©¬∑e""]",['Rien ! Je n‚Äôai rencontr√© aucune difficult√©'],Bien,"[{'label': '<strong>Le rythme</strong> entreprise <-> √©cole', 'value': 'Moyen'}, {'label': '<strong>Les horaires</strong> en entreprise', 'value': 'Bien'}, {'label': 'D‚Äôavoir moins de <strong>vacances</strong>', 'value': 'Pas ok'}, {'label': '<strong>Ce que tu apprends de ce m√©tier</strong> dans ton entreprise', 'value': 'Bien'}, {'label': '<strong>Ton int√©gration et l‚Äôambiance</strong> dans ton entreprise', 'value': 'Bien'}]",Non je n‚Äôai pas besoin de son aide et/ou je peux g√©rer seul¬∑e ma situation,"['Ta s√©curit√©', 'Ta sant√© au travail (mutuelle...)', 'Ta mobilit√© (aide au permis)', 'Tes droits du travail (cong√©s, horaires)', 'Tes r√©mun√©rations (paye, primes...)']",Bien,"[{'label': ""<strong>L'ambiance</strong>"", 'value': 'Bien'}, {'label': '<strong>Le niveau de difficult√© des cours</strong>', 'value': 'Bien'}, {'label': '<strong>La charge de travail</strong>', 'value': 'Moyen'}, {'label': '<strong>Les √©quipements</strong> mis √† ta disposition au CFA', 'value': 'Bien'}, {'label': '<strong>L‚Äôenseignement</strong> propos√© par le CFA', 'value': 'Bien'}, {'label': '<strong>L‚Äôaccessibilit√© du CFA</strong> pour les personnes en situation de handicap', 'value': 'Bien'}]",Oui les formateurs et l'√©quipe encadrante sont tr√®s disponibles,Bien,"[{'label': '<strong>Je communique mieux</strong>', 'value': 'Oui'}, {'label': '<strong>J‚Äôai gagn√© en confiance en moi</strong>', 'value': 'Moyen'}, {'label': '<strong>Je suis autonome financi√®rement</strong>', 'value': 'Oui'}, {'label': ""<strong>J'ai trouv√© ma voie,</strong> je me sens √† ma place"", 'value': 'Oui'}, {'label': ""<strong>J'ai √©t√© f√©licit√©¬∑e pour mon travail</strong>"", 'value': 'Oui'}]",,VALIDATED,"tu seras payer, t‚Äôauras moins d‚Äô√©cole mais faut arriver √† g√©rer √©cole et travaille ",VALIDATED,c‚Äôest bien. il faut chercher,,,TO_FIX,c‚Äôest tranquille,,,,,,,,,,,,,,,,,
['Lyc√©e (g√©n√©ral ou technologique ou professionnel)'],"['Travailler, apprendre le m√©tier qui me pla√Æt', ""√ätre vite autonome et gagner de l'argent"", ""√ätre moins √† l'√©cole""]",Moyen,Oui j‚Äôai eu besoin de lui et il m‚Äôa aid√©,"[""Lors d'un √©v√©nement sur l‚Äôorientation""]",['Trouver des entreprises √† contacter'],Bien,"[{'label': '<strong>Le rythme</strong> entreprise <-> √©cole', 'value': 'Bien'}, {'label': '<strong>Les horaires</strong> en entreprise', 'value': 'Bien'}, {'label': 'D‚Äôavoir moins de <strong>vacances</strong>', 'value': 'Moyen'}, {'label': '<strong>Ce que tu apprends de ce m√©tier</strong> dans ton entreprise', 'value': 'Bien'}, {'label': '<strong>Ton int√©gration et l‚Äôambiance</strong> dans ton entreprise', 'value': 'Moyen'}]",Non je n‚Äôai pas besoin de son aide et/ou je peux g√©rer seul¬∑e ma situation,"['Ta sant√© au travail (mutuelle...)', 'Ta s√©curit√©', 'Ta mobilit√© (aide au permis)', 'Tes r√©mun√©rations (paye, primes...)', 'Tes droits du travail (cong√©s, horaires)']",Bien,"[{'label': ""<strong>L'ambiance</strong>"", 'value': 'Bien'}, {'label': '<strong>Le niveau de difficult√© des cours</strong>', 'value': 'Bien'}, {'label': '<strong>La charge de travail</strong>', 'value': 'Bien'}, {'label': '<strong>Les √©quipements</strong> mis √† ta disposition au CFA', 'value': 'Bien'}, {'label': '<strong>L‚Äôenseignement</strong> propos√© par le CFA', 'value': 'Bien'}, {'label': '<strong>L‚Äôaccessibilit√© du CFA</strong> pour les personnes en situation de handicap', 'value': 'Bien'}]","Oui, ils sont disponibles tout en nous laissant beaucoup en autonomie",Bien,"[{'label': '<strong>Je communique mieux</strong>', 'value': 'Oui'}, {'label': '<strong>J‚Äôai gagn√© en confiance en moi</strong>', 'value': 'Moyen'}, {'label': '<strong>Je suis autonome financi√®rement</strong>', 'value': 'Oui'}, {'label': ""<strong>J'ai trouv√© ma voie,</strong> je me sens √† ma place"", 'value': 'Oui'}, {'label': ""<strong>J'ai √©t√© f√©licit√©¬∑e pour mon travail</strong>"", 'value': 'Oui'}]",,VALIDATED,"Il y a des mati√®res sur ta passion cela te motive donc beaucoup plus, tout √ßa en travaillant dans ton pilier favoris en gagnant de l‚Äôargent ",VALIDATED,Montrer sa motivation et son s√©rieux et le mieux √† faire,VALIDATED,"Qu‚Äôil faut prendre du temps pour se reposer, et profiter pour pas perdre motivation ",VALIDATED,"Des cours g√©n√©raux et professionnels sur des sujet int√©ressant, beaucoup de diversit√© ",VALIDATED,"J‚Äôai appris √† faire des soins, √† √™tre au c√¥t√© de chevaux toute la journ√©e et d√®s besoin qu‚Äôon ne sait pas quand on monte seulement √† cheval ",,,,,,,,,,,,,,,
['Lyc√©e (g√©n√©ral ou technologique ou professionnel)'],"[""√ätre vite autonome et gagner de l'argent"", 'Travailler, apprendre le m√©tier qui me pla√Æt', ""√ätre moins √† l'√©cole""]",Bien,,,,,,,,,,,,,,VALIDATED,Nous avons plus que 2 semaines de cours dans le mois,,,,,,,,,,,,,,,,,,,,,,,
['Coll√®ge'],"['Travailler, apprendre le m√©tier qui me pla√Æt', ""√ätre moins √† l'√©cole"", ""√ätre vite autonome et gagner de l'argent""]",Bien,"Non je n‚Äôai pas eu besoin de lui, j‚Äôai trouv√© mon entreprise autrement",['En me d√©brouillant tout¬∑e seul¬∑e'],['Rien ! Je n‚Äôai rencontr√© aucune difficult√©'],Bien,"[{'label': '<strong>Le rythme</strong> entreprise <-> √©cole', 'value': 'Bien'}, {'label': '<strong>Les horaires</strong> en entreprise', 'value': 'Bien'}, {'label': 'D‚Äôavoir moins de <strong>vacances</strong>', 'value': 'Bien'}, {'label': '<strong>Ce que tu apprends de ce m√©tier</strong> dans ton entreprise', 'value': 'Bien'}, {'label': '<strong>Ton int√©gration et l‚Äôambiance</strong> dans ton entreprise', 'value': 'Bien'}]",Non je n‚Äôai pas besoin de son aide et/ou je peux g√©rer seul¬∑e ma situation,['Ta sant√© au travail (mutuelle...)'],Bien,"[{'label': ""<strong>L'ambiance</strong>"", 'value': 'Bien'}, {'label': '<strong>Le niveau de difficult√© des cours</strong>', 'value': 'Bien'}, {'label': '<strong>La charge de travail</strong>', 'value': 'Moyen'}, {'label': '<strong>Les √©quipements</strong> mis √† ta disposition au CFA', 'value': 'Bien'}, {'label': '<strong>L‚Äôenseignement</strong> propos√© par le CFA', 'value': 'Bien'}, {'label': '<strong>L‚Äôaccessibilit√© du CFA</strong> pour les personnes en situation de handicap', 'value': 'Bien'}]","Oui, ils sont disponibles tout en nous laissant beaucoup en autonomie",Bien,"[{'label': '<strong>Je communique mieux</strong>', 'value': 'Oui'}, {'label': '<strong>J‚Äôai gagn√© en confiance en moi</strong>', 'value': 'Oui'}, {'label': '<strong>Je suis autonome financi√®rement</strong>', 'value': 'Oui'}, {'label': ""<strong>J'ai trouv√© ma voie,</strong> je me sens √† ma place"", 'value': 'Oui'}, {'label': ""<strong>J'ai √©t√© f√©licit√©¬∑e pour mon travail</strong>"", 'value': 'Oui'}]",,VALIDATED,"les cours son beaucoup mieux, les profs sont top, si tu es passionn√©e par ton futur m√©tier tu te plairas dans les cours pro, et si tu n‚Äôes pas scolaire c‚Äôest le top car tu es rarement √† l‚Äô√©cole ",VALIDATED,"tr√®s facile, il faut aller ce pr√©senter √† l‚Äôentreprise, et ce montrer motiver, enjou√©e, et propos√©e de l‚Äôaide, les patrons seront ravi ",VALIDATED,"il faut √™tre passionn√©, et vivre pour √ßa ",VALIDATED,"on fait du 8h 17h30, les cours sont bien avec des profs cool et √† l‚Äô√©coute, ils nous laissent prendre des pauses et sont toujours l√† pour nous aider sur nos cours et nos vies en entreprise ",VALIDATED,"je monte √† cheval, m‚Äôoccupe des poneys et des clients, nourri les animaux ect",,,,,,,,,,,,,,,
['Autre formation en apprentissage'],"[""√ätre vite autonome et gagner de l'argent"", 'Travailler, apprendre le m√©tier qui me pla√Æt', ""√ätre moins √† l'√©cole""]",Bien,"Non je n‚Äôai pas eu besoin de lui, j‚Äôai trouv√© mon entreprise autrement",['En me d√©brouillant tout¬∑e seul¬∑e'],['Rien ! Je n‚Äôai rencontr√© aucune difficult√©'],Bien,"[{'label': '<strong>Le rythme</strong> entreprise <-> √©cole', 'value': 'Moyen'}, {'label': '<strong>Les horaires</strong> en entreprise', 'value': 'Bien'}, {'label': 'D‚Äôavoir moins de <strong>vacances</strong>', 'value': 'Bien'}, {'label': '<strong>Ce que tu apprends de ce m√©tier</strong> dans ton entreprise', 'value': 'Bien'}, {'label': '<strong>Ton int√©gration et l‚Äôambiance</strong> dans ton entreprise', 'value': 'Bien'}]",Non je n‚Äôai pas besoin de son aide et/ou je peux g√©rer seul¬∑e ma situation,"['Tes droits du travail (cong√©s, horaires)', 'Ta sant√© au travail (mutuelle...)']",Moyen,"[{'label': ""<strong>L'ambiance</strong>"", 'value': 'Moyen'}, {'label': '<strong>Le niveau de difficult√© des cours</strong>', 'value': 'Bien'}, {'label': '<strong>La charge de travail</strong>', 'value': 'Moyen'}, {'label': '<strong>Les √©quipements</strong> mis √† ta disposition au CFA', 'value': 'Bien'}, {'label': '<strong>L‚Äôenseignement</strong> propos√© par le CFA', 'value': 'Bien'}, {'label': '<strong>L‚Äôaccessibilit√© du CFA</strong> pour les personnes en situation de handicap', 'value': 'Moyen'}]","Oui, ils sont disponibles tout en nous laissant beaucoup en autonomie",Bien,"[{'label': '<strong>Je communique mieux</strong>', 'value': 'Oui'}, {'label': '<strong>J‚Äôai gagn√© en confiance en moi</strong>', 'value': 'Oui'}, {'label': '<strong>Je suis autonome financi√®rement</strong>', 'value': 'Oui'}, {'label': ""<strong>J'ai trouv√© ma voie,</strong> je me sens √† ma place"", 'value': 'Oui'}, {'label': ""<strong>J'ai √©t√© f√©licit√©¬∑e pour mon travail</strong>"", 'value': 'Oui'}]",,VALIDATED,Tu peut y aller et au pire tu peut changer au milieu de la formation si tu veut travailler tout en ayant un dipl√¥me pour le futur,VALIDATED,Je la connaissais d√©j√†,VALIDATED,Tu peut commencer par des petits stage pour voire si sa te pla√Æt,TO_FIX,Les cours se passe bien juste l‚Äôinternat o√π il y a le foyer ou pas forc√©ment tout le monde a envie de rester pendant une heure √†. Rien faire et plut√¥t faire des cours,VALIDATED,Je nourri ramasse les crottins nourrir eau box paille monte nourri soins,,,,,,,,,,,,,,,
['Coll√®ge'],"['Travailler, apprendre le m√©tier qui me pla√Æt', ""√ätre vite autonome et gagner de l'argent"", ""√ätre moins √† l'√©cole""]",Bien,"Non je n‚Äôai pas eu besoin de lui, j‚Äôai trouv√© mon entreprise autrement","['En me d√©brouillant tout¬∑e seul¬∑e', ""Une personne de ma famille ou de mon entourage m'a aid√©¬∑e""]",['Rien ! Je n‚Äôai rencontr√© aucune difficult√©'],Bien,"[{'label': '<strong>Le rythme</strong> entreprise <-> √©cole', 'value': 'Bien'}, {'label': '<strong>Les horaires</strong> en entreprise', 'value': 'Bien'}, {'label': 'D‚Äôavoir moins de <strong>vacances</strong>', 'value': 'Moyen'}, {'label': '<strong>Ce que tu apprends de ce m√©tier</strong> dans ton entreprise', 'value': 'Bien'}, {'label': '<strong>Ton int√©gration et l‚Äôambiance</strong> dans ton entreprise', 'value': 'Bien'}]",Non je n‚Äôai pas besoin de son aide et/ou je peux g√©rer seul¬∑e ma situation,"['Ta mobilit√© (aide au permis)', 'Tes droits du travail (cong√©s, horaires)', 'Tes r√©mun√©rations (paye, primes...)']",Bien,"[{'label': ""<strong>L'ambiance</strong>"", 'value': 'Bien'}, {'label': '<strong>Le niveau de difficult√© des cours</strong>', 'value': 'Bien'}, {'label': '<strong>La charge de travail</strong>', 'value': 'Moyen'}, {'label': '<strong>Les √©quipements</strong> mis √† ta disposition au CFA', 'value': 'Bien'}, {'label': '<strong>L‚Äôenseignement</strong> propos√© par le CFA', 'value': 'Bien'}, {'label': '<strong>L‚Äôaccessibilit√© du CFA</strong> pour les personnes en situation de handicap', 'value': 'Bien'}]","Oui, ils sont disponibles tout en nous laissant beaucoup en autonomie",Bien,"[{'label': '<strong>Je communique mieux</strong>', 'value': 'Oui'}, {'label': '<strong>J‚Äôai gagn√© en confiance en moi</strong>', 'value': 'Oui'}, {'label': '<strong>Je suis autonome financi√®rement</strong>', 'value': 'Oui'}, {'label': ""<strong>J'ai trouv√© ma voie,</strong> je me sens √† ma place"", 'value': 'Oui'}, {'label': ""<strong>J'ai √©t√© f√©licit√©¬∑e pour mon travail</strong>"", 'value': 'Oui'}]",,VALIDATED,Ce qui va changer et que tu va devoir comprendre que tu n‚Äôest plus une enfant mais que tu rentre dans le monde adulte qui faux savoir prendre sur soit dans certaines situations tu n‚Äôaura plus de vacances mais tu pourra gagner √† salaire tout les mois,VALIDATED,Il et dure de trouver un bonne entreprise mon conseil serait de bien s√ªr rencontrer l‚Äôes patron avant de signer quoi que ce soit et de bien poser les r√®gles avant tout,VALIDATED,Il faut comprendre que ca va √™tre dure au d√©but le temps de se mettre dans le rythme mais que une fois que t‚Äôa r√©ussi a faire sa et que tout te pla√Æt c‚Äôest vraiment bien,VALIDATED,Le quotidien au cfa est plut√¥t facile mais les cours son interessant et on a beaucoup de devoirs,VALIDATED,"C‚Äôest un m√©tier avec de la r√©p√©tition il faut faire les boxe, donner √† manger s‚Äôoccuper des chevaux nettoyer les √©curies monter voil√† se que on fait en gros tout les jour",,,,,,,,,,,,,,,
['Coll√®ge'],"['Travailler, apprendre le m√©tier qui me pla√Æt', ""√ätre vite autonome et gagner de l'argent"", ""√ätre moins √† l'√©cole""]",Bien,"Non je n‚Äôai pas eu besoin de lui, j‚Äôai trouv√© mon entreprise autrement",['En me d√©brouillant tout¬∑e seul¬∑e'],['Rien ! Je n‚Äôai rencontr√© aucune difficult√©'],Bien,"[{'label': '<strong>Le rythme</strong> entreprise <-> √©cole', 'value': 'Bien'}, {'label': '<strong>Les horaires</strong> en entreprise', 'value': 'Bien'}, {'label': 'D‚Äôavoir moins de <strong>vacances</strong>', 'value': 'Bien'}, {'label': '<strong>Ce que tu apprends de ce m√©tier</strong> dans ton entreprise', 'value': 'Bien'}, {'label': '<strong>Ton int√©gration et l‚Äôambiance</strong> dans ton entreprise', 'value': 'Bien'}]",Non je n‚Äôai pas besoin de son aide et/ou je peux g√©rer seul¬∑e ma situation,"['Ta sant√© au travail (mutuelle...)', 'Tes r√©mun√©rations (paye, primes...)', 'Tes droits du travail (cong√©s, horaires)']",Bien,"[{'label': ""<strong>L'ambiance</strong>"", 'value': 'Bien'}, {'label': '<strong>Le niveau de difficult√© des cours</strong>', 'value': 'Moyen'}, {'label': '<strong>La charge de travail</strong>', 'value': 'Moyen'}, {'label': '<strong>Les √©quipements</strong> mis √† ta disposition au CFA', 'value': 'Bien'}, {'label': '<strong>L‚Äôenseignement</strong> propos√© par le CFA', 'value': 'Bien'}, {'label': '<strong>L‚Äôaccessibilit√© du CFA</strong> pour les personnes en situation de handicap', 'value': 'Bien'}]","Oui, ils sont disponibles tout en nous laissant beaucoup en autonomie",Bien,"[{'label': '<strong>Je communique mieux</strong>', 'value': 'Moyen'}, {'label': '<strong>J‚Äôai gagn√© en confiance en moi</strong>', 'value': 'Moyen'}, {'label': '<strong>Je suis autonome financi√®rement</strong>', 'value': 'Oui'}, {'label': ""<strong>J'ai trouv√© ma voie,</strong> je me sens √† ma place"", 'value': 'Oui'}, {'label': ""<strong>J'ai √©t√© f√©licit√©¬∑e pour mon travail</strong>"", 'value': 'Oui'}]",,VALIDATED,Ce qui change du coll√®ge tu as moins le temps de faire t‚Äôes devoirs tu gagnes un salaire tous les mois tu est moins a l‚Äô√©cole et tu na pas que des mati√®res g√©n√©rale,TO_FIX,J‚Äôai trouv√© mon entreprise par apport a ce que j‚Äôai entendu sur les noms de ecurie j‚Äôai appel√© et je suis all√© voir,TO_FIX,rien j‚Äôai deja √©tait inform√©,VALIDATED,au cfa on a cours tous les jours de 8h a 17h39 sauf le vendredi ou on finis a 12h et le mercredi ou on fini a 17h,VALIDATED,sa d√©pend dans l‚Äôentreprise que tu tombes tu vas un peu tout apprendre surtout apprendre des nouvelles fa√ßon dans le metier du cheval,,,,,,,,,,,,,,,
['Coll√®ge'],"['Travailler, apprendre le m√©tier qui me pla√Æt', ""√ätre vite autonome et gagner de l'argent"", ""√ätre moins √† l'√©cole""]",Moyen,"Non je n‚Äôai pas eu besoin de lui, j‚Äôai trouv√© mon entreprise autrement",['En me d√©brouillant tout¬∑e seul¬∑e'],['Envoyer beaucoup de candidatures'],Moyen,"[{'label': '<strong>Le rythme</strong> entreprise <-> √©cole', 'value': 'Moyen'}, {'label': '<strong>Les horaires</strong> en entreprise', 'value': 'Pas ok'}, {'label': 'D‚Äôavoir moins de <strong>vacances</strong>', 'value': 'Pas ok'}, {'label': '<strong>Ce que tu apprends de ce m√©tier</strong> dans ton entreprise', 'value': 'Bien'}, {'label': '<strong>Ton int√©gration et l‚Äôambiance</strong> dans ton entreprise', 'value': 'Bien'}]",Non je n‚Äôai pas besoin de son aide et/ou je peux g√©rer seul¬∑e ma situation,"['Tes r√©mun√©rations (paye, primes...)']",Bien,"[{'label': ""<strong>L'ambiance</strong>"", 'value': 'Bien'}, {'label': '<strong>Le niveau de difficult√© des cours</strong>', 'value': 'Bien'}, {'label': '<strong>La charge de travail</strong>', 'value': 'Moyen'}, {'label': '<strong>Les √©quipements</strong> mis √† ta disposition au CFA', 'value': 'Bien'}, {'label': '<strong>L‚Äôenseignement</strong> propos√© par le CFA', 'value': 'Bien'}, {'label': '<strong>L‚Äôaccessibilit√© du CFA</strong> pour les personnes en situation de handicap', 'value': 'Bien'}]",Oui les formateurs et l'√©quipe encadrante sont tr√®s disponibles,Bien,"[{'label': '<strong>Je communique mieux</strong>', 'value': 'Moyen'}, {'label': '<strong>J‚Äôai gagn√© en confiance en moi</strong>', 'value': 'Moyen'}, {'label': '<strong>Je suis autonome financi√®rement</strong>', 'value': 'Oui'}, {'label': ""<strong>J'ai trouv√© ma voie,</strong> je me sens √† ma place"", 'value': 'Oui'}, {'label': ""<strong>J'ai √©t√© f√©licit√©¬∑e pour mon travail</strong>"", 'value': 'Oui'}]",,VALIDATED,"c‚Äôest un monde qui change √©norm√©ment, on rentre dans le monde des adultes avec un salaire seulement 5 semaines de vacances par ans. Mais c‚Äôest quelque chose qui me plait parce que j‚Äôapprends ce que j‚Äôaime et l‚Äô√©cole est moin presente ",VALIDATED,dans l‚Äô√©quitation les patrons prennent peu d‚Äôapprentie car √ßa co√ªte ch√®re et qu‚Äôils ont qu‚Äôune seule aide la premi√®re ann√©e.,VALIDATED,"j‚Äôaurais aim√© me rendre compte qu‚Äôil y a seulement 5 semaines de vacances, les horaires difficiles surtout dans le monde du cheval. les week-ends de seulement dimanche a la repris des cours car on travaille le samedi, physiquement c‚Äôest fatiguant ",VALIDATED,les cours son facile mais il y a beaucoup de contr√¥le a r√©vis√© on a pas trop le temps avec les cours et le travail les week-ends ou on se repose et la semaine ou on rentre a 18h30 chez nous,VALIDATED,"la matin on nourrit, fais les parcs puis nettoyons les poulailler, ratisser chez les animaux (mouton, chevre‚Ä¶) et on monte de temps en temps pas tout le temps ",,,,,,,,,,,,,,,
['Lyc√©e (g√©n√©ral ou technologique ou professionnel)'],"['Travailler, apprendre le m√©tier qui me pla√Æt']",Bien,"Non je n‚Äôai pas eu besoin de lui, j‚Äôai trouv√© mon entreprise autrement","[""Une personne de ma famille ou de mon entourage m'a aid√©¬∑e""]",['Trouver des entreprises √† contacter'],Bien,"[{'label': '<strong>Le rythme</strong> entreprise <-> √©cole', 'value': 'Bien'}, {'label': '<strong>Les horaires</strong> en entreprise', 'value': 'Moyen'}, {'label': 'D‚Äôavoir moins de <strong>vacances</strong>', 'value': 'Moyen'}, {'label': '<strong>Ce que tu apprends de ce m√©tier</strong> dans ton entreprise', 'value': 'Bien'}, {'label': '<strong>Ton int√©gration et l‚Äôambiance</strong> dans ton entreprise', 'value': 'Bien'}]",Non je n‚Äôai pas besoin de son aide et/ou je peux g√©rer seul¬∑e ma situation,"['Ta s√©curit√©', 'Ta sant√© au travail (mutuelle...)', 'Tes droits du travail (cong√©s, horaires)', 'Tes r√©mun√©rations (paye, primes...)']",Bien,"[{'label': ""<strong>L'ambiance</strong>"", 'value': 'Bien'}, {'label': '<strong>Le niveau de difficult√© des cours</strong>', 'value': 'Moyen'}, {'label': '<strong>La charge de travail</strong>', 'value': 'Moyen'}, {'label': '<strong>Les √©quipements</strong> mis √† ta disposition au CFA', 'value': 'Moyen'}, {'label': '<strong>L‚Äôenseignement</strong> propos√© par le CFA', 'value': 'Bien'}, {'label': '<strong>L‚Äôaccessibilit√© du CFA</strong> pour les personnes en situation de handicap', 'value': 'Bien'}]",Oui les formateurs et l'√©quipe encadrante sont tr√®s disponibles,Bien,"[{'label': '<strong>Je communique mieux</strong>', 'value': 'Moyen'}, {'label': '<strong>J‚Äôai gagn√© en confiance en moi</strong>', 'value': 'Moyen'}, {'label': '<strong>Je suis autonome financi√®rement</strong>', 'value': 'Oui'}, {'label': ""<strong>J'ai trouv√© ma voie,</strong> je me sens √† ma place"", 'value': 'Oui'}, {'label': ""<strong>J'ai √©t√© f√©licit√©¬∑e pour mon travail</strong>"", 'value': 'Oui'}]",,VALIDATED,"Moins de cours plus travail plus difficile car on d√©bute dans 
Le  travail ",VALIDATED,Regarder sur internet demander au personne qui nous entoure  pour avoir de l‚Äôaide,VALIDATED,L‚Äôambiance qui il y a. Et si avec le patron sa se passe bien,VALIDATED,Des grosses journ√©e vu qu‚Äôon est pas beaucoup au lyc√©e. Et les cours corresponde plus avec notre m√©tier,,,,,,,,,,,,,,,,,
['Coll√®ge'],"['Travailler, apprendre le m√©tier qui me pla√Æt']",Bien,"Non je n‚Äôai pas eu besoin de lui, j‚Äôai trouv√© mon entreprise autrement",['En me d√©brouillant tout¬∑e seul¬∑e'],['Rien ! Je n‚Äôai rencontr√© aucune difficult√©'],Bien,"[{'label': '<strong>Le rythme</strong> entreprise <-> √©cole', 'value': 'Bien'}, {'label': '<strong>Les horaires</strong> en entreprise', 'value': 'Bien'}, {'label': 'D‚Äôavoir moins de <strong>vacances</strong>', 'value': 'Bien'}, {'label': '<strong>Ce que tu apprends de ce m√©tier</strong> dans ton entreprise', 'value': 'Bien'}, {'label': '<strong>Ton int√©gration et l‚Äôambiance</strong> dans ton entreprise', 'value': 'Bien'}]",Non je n‚Äôai pas besoin de son aide et/ou je peux g√©rer seul¬∑e ma situation,"['Ta sant√© au travail (mutuelle...)', 'Ta s√©curit√©', 'Ta mobilit√© (aide au permis)', 'Tes droits du travail (cong√©s, horaires)', 'Tes r√©mun√©rations (paye, primes...)']",Moyen,"[{'label': ""<strong>L'ambiance</strong>"", 'value': 'Bien'}, {'label': '<strong>Le niveau de difficult√© des cours</strong>', 'value': 'Bien'}, {'label': '<strong>La charge de travail</strong>', 'value': 'Bien'}, {'label': '<strong>Les √©quipements</strong> mis √† ta disposition au CFA', 'value': 'Bien'}, {'label': '<strong>L‚Äôenseignement</strong> propos√© par le CFA', 'value': 'Bien'}, {'label': '<strong>L‚Äôaccessibilit√© du CFA</strong> pour les personnes en situation de handicap', 'value': 'Bien'}]",Oui les formateurs et l'√©quipe encadrante sont tr√®s disponibles,Bien,"[{'label': '<strong>Je communique mieux</strong>', 'value': 'Oui'}, {'label': '<strong>J‚Äôai gagn√© en confiance en moi</strong>', 'value': 'Oui'}, {'label': '<strong>Je suis autonome financi√®rement</strong>', 'value': 'Oui'}, {'label': ""<strong>J'ai trouv√© ma voie,</strong> je me sens √† ma place"", 'value': 'Oui'}, {'label': ""<strong>J'ai √©t√© f√©licit√©¬∑e pour mon travail</strong>"", 'value': 'Oui'}]",,VALIDATED,Quand tu fait un apprentissage tu as un certains nombres de semaines en cour et en entreprise,VALIDATED,Moi c'√©tait tr√®s simple j'ai regard√© des entreprises proches de chez moi et je les ai contact√©s,VALIDATED,Ben on m'avais d√©j√† expliqu√© ce qui all√© se passer en alternance,VALIDATED,Ben la journ√©e d√©bute √† 8h nous avons tous types de cours g√©n√©raux et des cours pro comme des tp ou de lagroequipemznt,VALIDATED,Bien je commence ma journ√©e √† 8h je fais souvent de la taille en g√©n√©ral des cypr√®s en haie et beaucoup de cr√©ation,,,,,,,,,,,,,,,
['Coll√®ge'],"[""√ätre moins √† l'√©cole"", ""√ätre vite autonome et gagner de l'argent"", 'Travailler, apprendre le m√©tier qui me pla√Æt']",Mal,"Non je n‚Äôai pas eu besoin de lui, j‚Äôai trouv√© mon entreprise autrement","[""Une personne de ma famille ou de mon entourage m'a aid√©¬∑e"", 'En me d√©brouillant tout¬∑e seul¬∑e']",['Rien ! Je n‚Äôai rencontr√© aucune difficult√©'],Bien,"[{'label': '<strong>Le rythme</strong> entreprise <-> √©cole', 'value': 'Bien'}, {'label': '<strong>Les horaires</strong> en entreprise', 'value': 'Bien'}, {'label': 'D‚Äôavoir moins de <strong>vacances</strong>', 'value': 'Moyen'}, {'label': '<strong>Ce que tu apprends de ce m√©tier</strong> dans ton entreprise', 'value': 'Bien'}, {'label': '<strong>Ton int√©gration et l‚Äôambiance</strong> dans ton entreprise', 'value': 'Bien'}]",Non je n‚Äôai pas besoin de son aide et/ou je peux g√©rer seul¬∑e ma situation,"['Ta sant√© au travail (mutuelle...)', 'Tes droits du travail (cong√©s, horaires)', 'Tes r√©mun√©rations (paye, primes...)']",Bien,"[{'label': ""<strong>L'ambiance</strong>"", 'value': 'Bien'}, {'label': '<strong>Le niveau de difficult√© des cours</strong>', 'value': 'Bien'}, {'label': '<strong>La charge de travail</strong>', 'value': 'Bien'}, {'label': '<strong>Les √©quipements</strong> mis √† ta disposition au CFA', 'value': 'Bien'}, {'label': '<strong>L‚Äôenseignement</strong> propos√© par le CFA', 'value': 'Bien'}, {'label': '<strong>L‚Äôaccessibilit√© du CFA</strong> pour les personnes en situation de handicap', 'value': 'Moyen'}]",Oui les formateurs et l'√©quipe encadrante sont tr√®s disponibles,Bien,"[{'label': '<strong>Je communique mieux</strong>', 'value': 'Moyen'}, {'label': '<strong>J‚Äôai gagn√© en confiance en moi</strong>', 'value': 'Pas vraiment'}, {'label': '<strong>Je suis autonome financi√®rement</strong>', 'value': 'Moyen'}, {'label': ""<strong>J'ai trouv√© ma voie,</strong> je me sens √† ma place"", 'value': 'Oui'}, {'label': ""<strong>J'ai √©t√© f√©licit√©¬∑e pour mon travail</strong>"", 'value': 'Oui'}]",,VALIDATED,Nous sommes moins √† l‚Äô√©cole et plus en entreprise,,,,,,,,,,,,,,,,,,,,,,,
['Coll√®ge'],"['Travailler, apprendre le m√©tier qui me pla√Æt', ""√ätre moins √† l'√©cole""]",Bien,"Non je n‚Äôai pas eu besoin de lui, j‚Äôai trouv√© mon entreprise autrement","[""Une personne de ma famille ou de mon entourage m'a aid√©¬∑e""]",['Rien ! Je n‚Äôai rencontr√© aucune difficult√©'],Moyen,"[{'label': '<strong>Le rythme</strong> entreprise <-> √©cole', 'value': 'Moyen'}, {'label': '<strong>Les horaires</strong> en entreprise', 'value': 'Moyen'}, {'label': 'D‚Äôavoir moins de <strong>vacances</strong>', 'value': 'Moyen'}, {'label': '<strong>Ce que tu apprends de ce m√©tier</strong> dans ton entreprise', 'value': 'Pas ok'}, {'label': '<strong>Ton int√©gration et l‚Äôambiance</strong> dans ton entreprise', 'value': 'Moyen'}]",Non je n‚Äôai pas besoin de son aide et/ou je peux g√©rer seul¬∑e ma situation,"['Ta sant√© au travail (mutuelle...)', 'Tes droits du travail (cong√©s, horaires)', 'Tes r√©mun√©rations (paye, primes...)']",Moyen,"[{'label': ""<strong>L'ambiance</strong>"", 'value': 'Bien'}, {'label': '<strong>Le niveau de difficult√© des cours</strong>', 'value': 'Moyen'}, {'label': '<strong>La charge de travail</strong>', 'value': 'Moyen'}, {'label': '<strong>Les √©quipements</strong> mis √† ta disposition au CFA', 'value': 'Bien'}, {'label': '<strong>L‚Äôenseignement</strong> propos√© par le CFA', 'value': 'Moyen'}, {'label': '<strong>L‚Äôaccessibilit√© du CFA</strong> pour les personnes en situation de handicap', 'value': 'Bien'}]","Oui, ils sont disponibles tout en nous laissant beaucoup en autonomie",Bien,"[{'label': '<strong>Je communique mieux</strong>', 'value': 'Moyen'}, {'label': '<strong>J‚Äôai gagn√© en confiance en moi</strong>', 'value': 'Moyen'}, {'label': '<strong>Je suis autonome financi√®rement</strong>', 'value': 'Oui'}, {'label': ""<strong>J'ai trouv√© ma voie,</strong> je me sens √† ma place"", 'value': 'Moyen'}, {'label': ""<strong>J'ai √©t√© f√©licit√©¬∑e pour mon travail</strong>"", 'value': 'Oui'}]",,VALIDATED,"Ce qui change, c'est que tu a beaucoup moins de devoirs moins d'√©cole pas de vacances scolaires seulement 5 sont autoris√©s. En contrepartie tu es pay√© ce qui fait que dor√©navant tu fonctionne comme un adulte.",VALIDATED,Tout d'abord il faut chercher aux allants-tours de chez toi.Il faut s'informer sur les entreprises car toutes ne fonctionnent pas pareille il faut que √ßa convienne √† tes attentes donc en consult√© plusieurs pour se  forger ses propres opinions .,VALIDATED,J'aurais aim√© chercher plus loin dans les entreprises car finalement elle ne me convient pas amplement,VALIDATED,Au cfa les cours sont moins bien d√©taill√©s qu'au coll√®ge c'est plus compliqu√© √† suivre.Il y a beaucoup d'activit√©s diverses et vari√©es comme les mati√®res pro ou l'on pratique beaucoup mais aussi pour les internes il y a beaucoup d'activit√©s propos√©es,VALIDATED,Dans le m√©tier que je fais les journ√©es se r√©p√®tent beaucoup. Je suis en bac pro cgeh et j'ai fais l'erreur de ne pas aller chercher plus loin afin de trouver un patron qui me convienne vraiment. Je conseille pour les cgeh des centre √©questre et non des √©curies de propri√©taires car il y aura beaucoup plus de choses √† faire dans un club,,,,,,,,,,,,,,,
['Coll√®ge'],"['Travailler, apprendre le m√©tier qui me pla√Æt', ""√ätre vite autonome et gagner de l'argent"", ""√ätre moins √† l'√©cole"", 'Mon entourage me l‚Äôa recommand√©']",Bien,"Non je n‚Äôai pas eu besoin de lui, j‚Äôai trouv√© mon entreprise autrement","['En me d√©brouillant tout¬∑e seul¬∑e', ""Une personne de ma famille ou de mon entourage m'a aid√©¬∑e""]",['Rien ! Je n‚Äôai rencontr√© aucune difficult√©'],Bien,"[{'label': '<strong>Le rythme</strong> entreprise <-> √©cole', 'value': 'Bien'}, {'label': '<strong>Les horaires</strong> en entreprise', 'value': 'Bien'}, {'label': 'D‚Äôavoir moins de <strong>vacances</strong>', 'value': 'Moyen'}, {'label': '<strong>Ce que tu apprends de ce m√©tier</strong> dans ton entreprise', 'value': 'Bien'}, {'label': '<strong>Ton int√©gration et l‚Äôambiance</strong> dans ton entreprise', 'value': 'Bien'}]",Non je n‚Äôai pas besoin de son aide et/ou je peux g√©rer seul¬∑e ma situation,"['Ta mobilit√© (aide au permis)', 'Tes droits du travail (cong√©s, horaires)', 'Tes r√©mun√©rations (paye, primes...)', 'Ta sant√© au travail (mutuelle...)', 'Ta s√©curit√©']",Bien,"[{'label': ""<strong>L'ambiance</strong>"", 'value': 'Bien'}, {'label': '<strong>Le niveau de difficult√© des cours</strong>', 'value': 'Bien'}, {'label': '<strong>La charge de travail</strong>', 'value': 'Bien'}, {'label': '<strong>Les √©quipements</strong> mis √† ta disposition au CFA', 'value': 'Bien'}, {'label': '<strong>L‚Äôenseignement</strong> propos√© par le CFA', 'value': 'Bien'}, {'label': '<strong>L‚Äôaccessibilit√© du CFA</strong> pour les personnes en situation de handicap', 'value': 'Bien'}]",Oui les formateurs et l'√©quipe encadrante sont tr√®s disponibles,Bien,"[{'label': '<strong>Je communique mieux</strong>', 'value': 'Oui'}, {'label': '<strong>J‚Äôai gagn√© en confiance en moi</strong>', 'value': 'Oui'}, {'label': '<strong>Je suis autonome financi√®rement</strong>', 'value': 'Moyen'}, {'label': ""<strong>J'ai trouv√© ma voie,</strong> je me sens √† ma place"", 'value': 'Oui'}, {'label': ""<strong>J'ai √©t√© f√©licit√©¬∑e pour mon travail</strong>"", 'value': 'Oui'}]",,VALIDATED,Je suis moins √† l'√©cole,,,VALIDATED,Avoir des stages,VALIDATED,"Le lundi : 
Arriver √† 9h 
Cours ,tp ",VALIDATED,"Arriver a 7h30
Deux chantier matin√©e
Mange
Deux chantier laprem
Finit √† 16h un peu pr√®s
",,,,,,,,,,,,,,,
['Coll√®ge'],"[""√ätre moins √† l'√©cole"", 'Travailler, apprendre le m√©tier qui me pla√Æt', ""√ätre vite autonome et gagner de l'argent""]",Bien,"Non je n‚Äôai pas eu besoin de lui, j‚Äôai trouv√© mon entreprise autrement",['En me d√©brouillant tout¬∑e seul¬∑e'],['Rien ! Je n‚Äôai rencontr√© aucune difficult√©'],Bien,"[{'label': '<strong>Le rythme</strong> entreprise <-> √©cole', 'value': 'Bien'}, {'label': '<strong>Les horaires</strong> en entreprise', 'value': 'Bien'}, {'label': 'D‚Äôavoir moins de <strong>vacances</strong>', 'value': 'Bien'}, {'label': '<strong>Ce que tu apprends de ce m√©tier</strong> dans ton entreprise', 'value': 'Bien'}, {'label': '<strong>Ton int√©gration et l‚Äôambiance</strong> dans ton entreprise', 'value': 'Bien'}]",Non je n‚Äôai pas besoin de son aide et/ou je peux g√©rer seul¬∑e ma situation,"['Ta sant√© au travail (mutuelle...)', 'Ta s√©curit√©', 'Ta mobilit√© (aide au permis)', 'Tes droits du travail (cong√©s, horaires)', 'Tes r√©mun√©rations (paye, primes...)']",Bien,"[{'label': ""<strong>L'ambiance</strong>"", 'value': 'Bien'}, {'label': '<strong>Le niveau de difficult√© des cours</strong>', 'value': 'Bien'}, {'label': '<strong>La charge de travail</strong>', 'value': 'Bien'}, {'label': '<strong>Les √©quipements</strong> mis √† ta disposition au CFA', 'value': 'Bien'}, {'label': '<strong>L‚Äôenseignement</strong> propos√© par le CFA', 'value': 'Bien'}, {'label': '<strong>L‚Äôaccessibilit√© du CFA</strong> pour les personnes en situation de handicap', 'value': 'Bien'}]",Oui les formateurs et l'√©quipe encadrante sont tr√®s disponibles,Bien,"[{'label': '<strong>Je communique mieux</strong>', 'value': 'Oui'}, {'label': '<strong>J‚Äôai gagn√© en confiance en moi</strong>', 'value': 'Oui'}, {'label': '<strong>Je suis autonome financi√®rement</strong>', 'value': 'Oui'}, {'label': ""<strong>J'ai trouv√© ma voie,</strong> je me sens √† ma place"", 'value': 'Oui'}, {'label': ""<strong>J'ai √©t√© f√©licit√©¬∑e pour mon travail</strong>"", 'value': 'Oui'}]",,VALIDATED,"Je t'encourage √† venir faire une formation en apprentissage si tu souhaite √™tre moins √† l'√©cole, si tu souhaite d√©couvrir les m√©tiers qui t'int√©resse ou en d√©couvrir de nouveau et si tu veux gagner de l'argent tout en ce forment c une tr√®s bonne id√©e ",VALIDATED,Sois tu peux √™tre avec le membre ta famille ou cherche par certain r√©seaux que tu peux avoir avec des personnes,TO_FIX,Il faut ce lancer,VALIDATED,Les profs son agr√©able et la vie scolaire accompagne beaucoup,VALIDATED,Je nourrie les animaux l'entretien de tout le lieux ect,,,,,,,,,,,,,,,
['Lyc√©e (g√©n√©ral ou technologique ou professionnel)'],"['Travailler, apprendre le m√©tier qui me pla√Æt', ""√ätre vite autonome et gagner de l'argent"", ""√ätre moins √† l'√©cole""]",Bien,"Non je n‚Äôai pas eu besoin de lui, j‚Äôai trouv√© mon entreprise autrement","['En me d√©brouillant tout¬∑e seul¬∑e', ""Une personne de ma famille ou de mon entourage m'a aid√©¬∑e""]",['Rien ! Je n‚Äôai rencontr√© aucune difficult√©'],Bien,"[{'label': '<strong>Le rythme</strong> entreprise <-> √©cole', 'value': 'Bien'}, {'label': '<strong>Les horaires</strong> en entreprise', 'value': 'Bien'}, {'label': 'D‚Äôavoir moins de <strong>vacances</strong>', 'value': 'Pas ok'}, {'label': '<strong>Ce que tu apprends de ce m√©tier</strong> dans ton entreprise', 'value': 'Bien'}, {'label': '<strong>Ton int√©gration et l‚Äôambiance</strong> dans ton entreprise', 'value': 'Bien'}]",Non je n‚Äôai pas besoin de son aide et/ou je peux g√©rer seul¬∑e ma situation,"['Tes r√©mun√©rations (paye, primes...)', 'Ta mobilit√© (aide au permis)']",Bien,"[{'label': ""<strong>L'ambiance</strong>"", 'value': 'Moyen'}, {'label': '<strong>Le niveau de difficult√© des cours</strong>', 'value': 'Moyen'}, {'label': '<strong>La charge de travail</strong>', 'value': 'Moyen'}, {'label': '<strong>Les √©quipements</strong> mis √† ta disposition au CFA', 'value': 'Bien'}, {'label': '<strong>L‚Äôenseignement</strong> propos√© par le CFA', 'value': 'Bien'}, {'label': '<strong>L‚Äôaccessibilit√© du CFA</strong> pour les personnes en situation de handicap', 'value': 'Bien'}]","Oui, ils sont disponibles tout en nous laissant beaucoup en autonomie",Bien,"[{'label': '<strong>Je communique mieux</strong>', 'value': 'Oui'}, {'label': '<strong>J‚Äôai gagn√© en confiance en moi</strong>', 'value': 'Oui'}, {'label': '<strong>Je suis autonome financi√®rement</strong>', 'value': 'Oui'}, {'label': ""<strong>J'ai trouv√© ma voie,</strong> je me sens √† ma place"", 'value': 'Oui'}, {'label': ""<strong>J'ai √©t√© f√©licit√©¬∑e pour mon travail</strong>"", 'value': 'Oui'}]",,VALIDATED,On a plus que 2 semaines de cours par mois,VALIDATED,Il faut en parler avec le plus de gens qui peuvent t‚Äôaider,,,,,VALIDATED,"On commence a 8h on fait entre un et quatre chantiers par matin√©e et part apr√®m 
On fini souvent vers 16h ",,,,,,,,,,,,,,,
['Coll√®ge'],"[""√ätre vite autonome et gagner de l'argent""]",Bien,"Non je n‚Äôai pas eu besoin de lui, j‚Äôai trouv√© mon entreprise autrement","[""Une personne de ma famille ou de mon entourage m'a aid√©¬∑e""]",['Rien ! Je n‚Äôai rencontr√© aucune difficult√©'],Moyen,"[{'label': '<strong>Le rythme</strong> entreprise <-> √©cole', 'value': 'Pas ok'}, {'label': '<strong>Les horaires</strong> en entreprise', 'value': 'Bien'}, {'label': 'D‚Äôavoir moins de <strong>vacances</strong>', 'value': 'Pas ok'}, {'label': '<strong>Ce que tu apprends de ce m√©tier</strong> dans ton entreprise', 'value': 'Moyen'}, {'label': '<strong>Ton int√©gration et l‚Äôambiance</strong> dans ton entreprise', 'value': 'Moyen'}]",Non je n‚Äôai pas besoin de son aide et/ou je peux g√©rer seul¬∑e ma situation,"['Tes r√©mun√©rations (paye, primes...)', 'Ta sant√© au travail (mutuelle...)', 'Ta s√©curit√©']",Moyen,"[{'label': ""<strong>L'ambiance</strong>"", 'value': 'Moyen'}, {'label': '<strong>Le niveau de difficult√© des cours</strong>', 'value': 'Bien'}, {'label': '<strong>La charge de travail</strong>', 'value': 'Bien'}, {'label': '<strong>Les √©quipements</strong> mis √† ta disposition au CFA', 'value': 'Moyen'}, {'label': '<strong>L‚Äôenseignement</strong> propos√© par le CFA', 'value': 'Moyen'}, {'label': '<strong>L‚Äôaccessibilit√© du CFA</strong> pour les personnes en situation de handicap', 'value': 'Moyen'}]","Moyen, on communique peu avec les √©quipes et les formateurs",Mal,"[{'label': '<strong>Je communique mieux</strong>', 'value': 'Pas vraiment'}, {'label': '<strong>J‚Äôai gagn√© en confiance en moi</strong>', 'value': 'Oui'}, {'label': '<strong>Je suis autonome financi√®rement</strong>', 'value': 'Oui'}, {'label': ""<strong>J'ai trouv√© ma voie,</strong> je me sens √† ma place"", 'value': 'Pas vraiment'}, {'label': ""<strong>J'ai √©t√© f√©licit√©¬∑e pour mon travail</strong>"", 'value': 'Pas vraiment'}]",,REJECTED,ŸÖÿ±ÿ≠ÿ®ÿß ÿå ÿßŸÑŸÅÿµŸàŸÑ ÿßŸÑÿØÿ±ÿßÿ≥Ÿäÿ© ÿ£ŸÉÿ´ÿ± ŸÉÿ´ÿßŸÅÿ© ŸÇŸÑŸäŸÑÿß ÿå ŸàÿßŸÑŸÖÿπŸÑŸÖŸàŸÜ ÿ£ŸÉÿ´ÿ± ÿ≥ŸäŸÖÿ®ÿß ÿå ŸàŸÑÿØŸäŸÉ ÿßŸÑŸÉÿ´Ÿäÿ± ŸÖŸÜ ÿßŸÑÿ≠ÿ±Ÿäÿ© ÿßŸÑÿ™Ÿä ÿ™ÿ™ÿπŸÑŸÖŸáÿß ŸÑÿ™ŸÉŸàŸÜ ŸÖÿ≥ÿ™ŸÇŸÑÿß,REJECTED,"‘ª’∂’± ’∞’°’¥’°÷Ä ’§’° ’¢’°’æ’°’Ø’°’∂’´’∂ ’∫’°÷Ä’¶ ’ß÷Ä, ÷Ñ’°’∂’´ ’∏÷Ä ’∂’° ’°’µ’∂ ’¥’°÷Ä’§’∂ ’ß, ’∏÷Ç’¥ ’¥’°’µ÷Ä’Ω ’°÷Ä’§’•’∂ ’≥’°’∂’°’π’∏÷Ç’¥ ’ß÷Ä, ’•’Ω ’§’™’¢’°’≠’ø’°’¢’°÷Ä ’∏’π ’¥’´ ’≠’∏÷Ä’∞’∏÷Ç÷Ä’§ ’π’∏÷Ç’∂’•’¥ ’ø’°’¨’∏÷Ç ",REJECTED,"Tinc totes les respostes a les meves preguntes, aix√≠ que no gaire ",REJECTED,ÿßŸÑÿ™ÿ≠Ÿäÿ© ÿßŸÑŸÜÿßÿ≤Ÿäÿ© ÿ£ÿ≥ÿ™ŸäŸÇÿ∏ ÿ£ÿ∞Ÿáÿ® ÿ•ŸÑŸâ ÿßŸÑŸÅÿµŸÑ ÿ£ÿØÿÆŸÜ ÿ£ÿ´ŸÜÿßÿ° ŸÅÿ™ÿ±ÿßÿ™ ÿßŸÑÿ±ÿßÿ≠ÿ© ÿßŸÑÿ≥ÿßÿπÿ© 5:55 ŸÖÿ≥ÿßÿ° ÿ£ÿπŸàÿØ ÿ•ŸÑŸâ ÿßŸÑŸÖÿØÿ±ÿ≥ÿ© ÿßŸÑÿØÿßÿÆŸÑŸäÿ©,REJECTED,ÿ•ŸÜŸáÿß ÿ∑ÿ±ŸäŸÇÿ© ŸÖÿ™ŸÜŸàÿπÿ© ŸÑŸÑÿ∫ÿßŸäÿ© ÿå ŸÑŸäÿ≥ ŸÑÿØŸä ŸäŸàŸÖ ÿπÿßÿØŸä,,,,,,,,,,,,,,,
['Lyc√©e (g√©n√©ral ou technologique ou professionnel)'],"['Travailler, apprendre le m√©tier qui me pla√Æt', ""√ätre moins √† l'√©cole""]",Bien,"Non je n‚Äôai pas eu besoin de lui, j‚Äôai trouv√© mon entreprise autrement","[""Une personne de ma famille ou de mon entourage m'a aid√©¬∑e""]",['Rien ! Je n‚Äôai rencontr√© aucune difficult√©'],Bien,"[{'label': '<strong>Le rythme</strong> entreprise <-> √©cole', 'value': 'Moyen'}, {'label': '<strong>Les horaires</strong> en entreprise', 'value': 'Moyen'}, {'label': 'D‚Äôavoir moins de <strong>vacances</strong>', 'value': 'Bien'}, {'label': '<strong>Ce que tu apprends de ce m√©tier</strong> dans ton entreprise', 'value': 'Bien'}, {'label': '<strong>Ton int√©gration et l‚Äôambiance</strong> dans ton entreprise', 'value': 'Bien'}]",Non je n‚Äôai pas besoin de son aide et/ou je peux g√©rer seul¬∑e ma situation,"['Ta s√©curit√©', 'Tes droits du travail (cong√©s, horaires)', 'Tes r√©mun√©rations (paye, primes...)']",Moyen,"[{'label': ""<strong>L'ambiance</strong>"", 'value': 'Moyen'}, {'label': '<strong>Le niveau de difficult√© des cours</strong>', 'value': 'Bien'}, {'label': '<strong>La charge de travail</strong>', 'value': 'Bien'}, {'label': '<strong>Les √©quipements</strong> mis √† ta disposition au CFA', 'value': 'Moyen'}, {'label': '<strong>L‚Äôenseignement</strong> propos√© par le CFA', 'value': 'Moyen'}, {'label': '<strong>L‚Äôaccessibilit√© du CFA</strong> pour les personnes en situation de handicap', 'value': 'Bien'}]","Oui, ils sont disponibles tout en nous laissant beaucoup en autonomie",Bien,"[{'label': '<strong>Je communique mieux</strong>', 'value': 'Moyen'}, {'label': '<strong>J‚Äôai gagn√© en confiance en moi</strong>', 'value': 'Oui'}, {'label': '<strong>Je suis autonome financi√®rement</strong>', 'value': 'Oui'}, {'label': ""<strong>J'ai trouv√© ma voie,</strong> je me sens √† ma place"", 'value': 'Oui'}, {'label': ""<strong>J'ai √©t√© f√©licit√©¬∑e pour mon travail</strong>"", 'value': 'Moyen'}]",,TO_FIX,"Les cours , et travailler",TO_FIX,C‚Äôest pas dur sah,TO_FIX,Les horaires,ALERT,"Je me l√®ve , c‚Äôest chiant les cours , je dors , et rebelote jusqu‚Äô√† vendredi ",TO_FIX,"Je me l√®ve, je travaille et je dors ",,,,,,,,,,,,,,,
['Lyc√©e (g√©n√©ral ou technologique ou professionnel)'],"['Travailler, apprendre le m√©tier qui me pla√Æt']",Bien,"Non je n‚Äôai pas eu besoin de lui, j‚Äôai trouv√© mon entreprise autrement","[""Une personne de ma famille ou de mon entourage m'a aid√©¬∑e""]","['Trouver des entreprises √† contacter', 'Pr√©parer et passer mes premiers entretiens']",Bien,"[{'label': '<strong>Le rythme</strong> entreprise <-> √©cole', 'value': 'Moyen'}, {'label': '<strong>Les horaires</strong> en entreprise', 'value': 'Moyen'}, {'label': 'D‚Äôavoir moins de <strong>vacances</strong>', 'value': 'Moyen'}, {'label': '<strong>Ce que tu apprends de ce m√©tier</strong> dans ton entreprise', 'value': 'Bien'}, {'label': '<strong>Ton int√©gration et l‚Äôambiance</strong> dans ton entreprise', 'value': 'Bien'}]",Non je n‚Äôai pas besoin de son aide et/ou je peux g√©rer seul¬∑e ma situation,"['Ta sant√© au travail (mutuelle...)', 'Ta s√©curit√©', 'Ta mobilit√© (aide au permis)', 'Tes droits du travail (cong√©s, horaires)', 'Tes r√©mun√©rations (paye, primes...)']",Bien,"[{'label': ""<strong>L'ambiance</strong>"", 'value': 'Bien'}, {'label': '<strong>Le niveau de difficult√© des cours</strong>', 'value': 'Moyen'}, {'label': '<strong>La charge de travail</strong>', 'value': 'Bien'}, {'label': '<strong>Les √©quipements</strong> mis √† ta disposition au CFA', 'value': 'Moyen'}, {'label': '<strong>L‚Äôenseignement</strong> propos√© par le CFA', 'value': 'Bien'}, {'label': '<strong>L‚Äôaccessibilit√© du CFA</strong> pour les personnes en situation de handicap', 'value': 'Bien'}]",Oui les formateurs et l'√©quipe encadrante sont tr√®s disponibles,Bien,"[{'label': '<strong>Je communique mieux</strong>', 'value': 'Oui'}, {'label': '<strong>J‚Äôai gagn√© en confiance en moi</strong>', 'value': 'Moyen'}, {'label': '<strong>Je suis autonome financi√®rement</strong>', 'value': 'Oui'}, {'label': ""<strong>J'ai trouv√© ma voie,</strong> je me sens √† ma place"", 'value': 'Oui'}, {'label': ""<strong>J'ai √©t√© f√©licit√©¬∑e pour mon travail</strong>"", 'value': 'Oui'}]",,VALIDATED,Plus d entreprise moins de cours,VALIDATED,Regarder sur internet demander √† son entourage,VALIDATED,L‚Äôambiance si √ßa passe bine avec le patron,VALIDATED,Les cours sont plus concre avec notre m√©tier,VALIDATED,La cr√©ation des jardins l ¬¥entretien,,,,,,,,,,,,,,,
['Lyc√©e (g√©n√©ral ou technologique ou professionnel)'],,,,,,,,,,,,,,,,,,,,,,,,,,,,,,,,,,,,,,,,
['Lyc√©e (g√©n√©ral ou technologique ou professionnel)'],"['Travailler, apprendre le m√©tier qui me pla√Æt']",Moyen,"Non je n‚Äôai pas eu besoin de lui, j‚Äôai trouv√© mon entreprise autrement",['Un¬∑e membre de l‚Äô√©quipe p√©dagogique de mon ancien √©tablissement m‚Äôa aid√©¬∑e'],['Rien ! Je n‚Äôai rencontr√© aucune difficult√©'],Bien,,,,,,,,,,VALIDATED,Je gagne de l‚Äôargent,REJECTED,Dgg,,,,,,,,,,,,,,,,,,,,,
['Lyc√©e (g√©n√©ral ou technologique ou professionnel)'],"[""√ätre vite autonome et gagner de l'argent""]",Bien,"Non je n‚Äôai pas eu besoin de lui, j‚Äôai trouv√© mon entreprise autrement",['En me d√©brouillant tout¬∑e seul¬∑e'],['Rien ! Je n‚Äôai rencontr√© aucune difficult√©'],Bien,"[{'label': '<strong>Le rythme</strong> entreprise <-> √©cole', 'value': 'Moyen'}, {'label': '<strong>Les horaires</strong> en entreprise', 'value': 'Bien'}, {'label': 'D‚Äôavoir moins de <strong>vacances</strong>', 'value': 'Bien'}, {'label': '<strong>Ce que tu apprends de ce m√©tier</strong> dans ton entreprise', 'value': 'Bien'}, {'label': '<strong>Ton int√©gration et l‚Äôambiance</strong> dans ton entreprise', 'value': 'Bien'}]",Non je n‚Äôai pas besoin de son aide et/ou je peux g√©rer seul¬∑e ma situation,"['Tes r√©mun√©rations (paye, primes...)', 'Ta mobilit√© (aide au permis)']",Bien,"[{'label': ""<strong>L'ambiance</strong>"", 'value': 'Bien'}, {'label': '<strong>Le niveau de difficult√© des cours</strong>', 'value': 'Bien'}, {'label': '<strong>La charge de travail</strong>', 'value': 'Bien'}, {'label': '<strong>Les √©quipements</strong> mis √† ta disposition au CFA', 'value': 'Moyen'}, {'label': '<strong>L‚Äôenseignement</strong> propos√© par le CFA', 'value': 'Bien'}, {'label': '<strong>L‚Äôaccessibilit√© du CFA</strong> pour les personnes en situation de handicap', 'value': 'Bien'}]","Oui, ils sont disponibles tout en nous laissant beaucoup en autonomie",Bien,"[{'label': '<strong>Je communique mieux</strong>', 'value': 'Oui'}, {'label': '<strong>J‚Äôai gagn√© en confiance en moi</strong>', 'value': 'Oui'}, {'label': '<strong>Je suis autonome financi√®rement</strong>', 'value': 'Oui'}, {'label': ""<strong>J'ai trouv√© ma voie,</strong> je me sens √† ma place"", 'value': 'Oui'}, {'label': ""<strong>J'ai √©t√© f√©licit√©¬∑e pour mon travail</strong>"", 'value': 'Oui'}]",,VALIDATED,Juste que je suis r√©mun√©rer,VALIDATED,Pers√©v√©rer,VALIDATED,Rien de sp√©cial,VALIDATED,"Le matin r√©veil √† 6h45, cours de 8h √† 17h et apr√®s coucher √† 21h30",VALIDATED,"Le matin nettoyage des animaux et l‚Äôapr√®s midi facing, r√©assort, vente ",,,,,,,,,,,,,,,
['Coll√®ge'],"[""√ätre vite autonome et gagner de l'argent"", 'Travailler, apprendre le m√©tier qui me pla√Æt']",Moyen,Oui j‚Äôai eu besoin de lui et il m‚Äôa aid√©,['Un¬∑e membre de l‚Äô√©quipe p√©dagogique de mon ancien √©tablissement m‚Äôa aid√©¬∑e'],['Pr√©parer et passer mes premiers entretiens'],Bien,"[{'label': '<strong>Le rythme</strong> entreprise <-> √©cole', 'value': 'Bien'}, {'label': '<strong>Les horaires</strong> en entreprise', 'value': 'Bien'}, {'label': 'D‚Äôavoir moins de <strong>vacances</strong>', 'value': 'Moyen'}, {'label': '<strong>Ce que tu apprends de ce m√©tier</strong> dans ton entreprise', 'value': 'Bien'}, {'label': '<strong>Ton int√©gration et l‚Äôambiance</strong> dans ton entreprise', 'value': 'Bien'}]",Non je n‚Äôai pas besoin de son aide et/ou je peux g√©rer seul¬∑e ma situation,['Ta s√©curit√©'],Bien,"[{'label': ""<strong>L'ambiance</strong>"", 'value': 'Bien'}, {'label': '<strong>Le niveau de difficult√© des cours</strong>', 'value': 'Moyen'}, {'label': '<strong>La charge de travail</strong>', 'value': 'Bien'}, {'label': '<strong>Les √©quipements</strong> mis √† ta disposition au CFA', 'value': 'Bien'}, {'label': '<strong>L‚Äôenseignement</strong> propos√© par le CFA', 'value': 'Bien'}, {'label': '<strong>L‚Äôaccessibilit√© du CFA</strong> pour les personnes en situation de handicap', 'value': 'Bien'}]",Oui les formateurs et l'√©quipe encadrante sont tr√®s disponibles,Bien,"[{'label': '<strong>Je communique mieux</strong>', 'value': 'Oui'}, {'label': '<strong>J‚Äôai gagn√© en confiance en moi</strong>', 'value': 'Moyen'}, {'label': '<strong>Je suis autonome financi√®rement</strong>', 'value': 'Moyen'}, {'label': ""<strong>J'ai trouv√© ma voie,</strong> je me sens √† ma place"", 'value': 'Oui'}, {'label': ""<strong>J'ai √©t√© f√©licit√©¬∑e pour mon travail</strong>"", 'value': 'Moyen'}]",,VALIDATED,"Je me sens beaucoup mieux en apprentisage, car cela est bien diff√©rent du coll√®ge!",VALIDATED,"Oui, il faut toujours si prendre a l'avance et faire des recherches sur des zone a proximit√© de chez toi pour voir si y'a du travail que tu voudrais faire.",VALIDATED,J'aurais aimez faire un stage de 1 semaine et voir ce que cela fait,VALIDATED,"On travail sur plusieurs mati√®re, les ateliers ce passe bien defois on plante des petite plante ou on red√©core la classe et sinon les formateurs sont super !",VALIDATED,"On d√©serbe,on met des graines dans les mottes ou on vas dans les serre replantez ect...",,,,,,,,,,,,,,,
['Autre chose'],"['Travailler, apprendre le m√©tier qui me pla√Æt', ""√ätre vite autonome et gagner de l'argent""]",Moyen,"Non je n‚Äôai pas eu besoin de lui, j‚Äôai trouv√© mon entreprise autrement","[""Une personne de ma famille ou de mon entourage m'a aid√©¬∑e"", 'Un¬∑e √©ducateur¬∑ice ou une association m‚Äôa aid√©¬∑e']",['Autre chose'],Bien,"[{'label': '<strong>Le rythme</strong> entreprise <-> √©cole', 'value': 'Bien'}, {'label': '<strong>Les horaires</strong> en entreprise', 'value': 'Bien'}, {'label': 'D‚Äôavoir moins de <strong>vacances</strong>', 'value': 'Moyen'}, {'label': '<strong>Ce que tu apprends de ce m√©tier</strong> dans ton entreprise', 'value': 'Bien'}, {'label': '<strong>Ton int√©gration et l‚Äôambiance</strong> dans ton entreprise', 'value': 'Bien'}]",Non je n‚Äôai pas besoin de son aide et/ou je peux g√©rer seul¬∑e ma situation,['Ta mobilit√© (aide au permis)'],Bien,"[{'label': ""<strong>L'ambiance</strong>"", 'value': 'Bien'}, {'label': '<strong>Le niveau de difficult√© des cours</strong>', 'value': 'Bien'}, {'label': '<strong>La charge de travail</strong>', 'value': 'Bien'}, {'label': '<strong>Les √©quipements</strong> mis √† ta disposition au CFA', 'value': 'Bien'}, {'label': '<strong>L‚Äôenseignement</strong> propos√© par le CFA', 'value': 'Bien'}, {'label': '<strong>L‚Äôaccessibilit√© du CFA</strong> pour les personnes en situation de handicap', 'value': 'Bien'}]",Oui les formateurs et l'√©quipe encadrante sont tr√®s disponibles,Bien,"[{'label': '<strong>Je communique mieux</strong>', 'value': 'Oui'}, {'label': '<strong>J‚Äôai gagn√© en confiance en moi</strong>', 'value': 'Oui'}, {'label': '<strong>Je suis autonome financi√®rement</strong>', 'value': 'Moyen'}, {'label': ""<strong>J'ai trouv√© ma voie,</strong> je me sens √† ma place"", 'value': 'Moyen'}, {'label': ""<strong>J'ai √©t√© f√©licit√©¬∑e pour mon travail</strong>"", 'value': 'Oui'}]",,VALIDATED,Tu gagnes de l‚Äôargent est tu es moins √† l‚Äô√©cole,VALIDATED,Mon grand p√®re m‚Äôa conseill√© une entreprise j‚Äôy suis rest√© un an en stage et mon patron a bien voulu me prendre,VALIDATED,Rien,VALIDATED,Normal,VALIDATED,Sa d√©pend,,,,REJECTED,,,,,,,,,,,
['Autre formation en apprentissage'],"['Travailler, apprendre le m√©tier qui me pla√Æt']",Bien,"Non je n‚Äôai pas eu besoin de lui, j‚Äôai trouv√© mon entreprise autrement",['Un¬∑e √©ducateur¬∑ice ou une association m‚Äôa aid√©¬∑e'],['Trouver des entreprises √† contacter'],Bien,"[{'label': '<strong>Le rythme</strong> entreprise <-> √©cole', 'value': 'Bien'}, {'label': '<strong>Les horaires</strong> en entreprise', 'value': 'Bien'}, {'label': 'D‚Äôavoir moins de <strong>vacances</strong>', 'value': 'Bien'}, {'label': '<strong>Ce que tu apprends de ce m√©tier</strong> dans ton entreprise', 'value': 'Bien'}, {'label': '<strong>Ton int√©gration et l‚Äôambiance</strong> dans ton entreprise', 'value': 'Bien'}]",Oui j‚Äôai besoin de son aide,"['Tes r√©mun√©rations (paye, primes...)']",Bien,"[{'label': ""<strong>L'ambiance</strong>"", 'value': 'Moyen'}, {'label': '<strong>Le niveau de difficult√© des cours</strong>', 'value': 'Moyen'}, {'label': '<strong>La charge de travail</strong>', 'value': 'Moyen'}, {'label': '<strong>Les √©quipements</strong> mis √† ta disposition au CFA', 'value': 'Moyen'}, {'label': '<strong>L‚Äôenseignement</strong> propos√© par le CFA', 'value': 'Moyen'}, {'label': '<strong>L‚Äôaccessibilit√© du CFA</strong> pour les personnes en situation de handicap', 'value': 'Moyen'}]","Oui, ils sont disponibles tout en nous laissant beaucoup en autonomie",Bien,"[{'label': '<strong>Je communique mieux</strong>', 'value': 'Oui'}, {'label': '<strong>J‚Äôai gagn√© en confiance en moi</strong>', 'value': 'Oui'}, {'label': '<strong>Je suis autonome financi√®rement</strong>', 'value': 'Oui'}, {'label': ""<strong>J'ai trouv√© ma voie,</strong> je me sens √† ma place"", 'value': 'Oui'}, {'label': ""<strong>J'ai √©t√© f√©licit√©¬∑e pour mon travail</strong>"", 'value': 'Oui'}]",,,,REJECTED,Oui,REJECTED,Bjr,,,,,,,,,,,,,,,,,,,
['Lyc√©e (g√©n√©ral ou technologique ou professionnel)'],"[""√ätre moins √† l'√©cole""]",Bien,"Non je n‚Äôai pas eu besoin de lui, j‚Äôai trouv√© mon entreprise autrement",['Autrement'],['Rien ! Je n‚Äôai rencontr√© aucune difficult√©'],Bien,"[{'label': '<strong>Le rythme</strong> entreprise <-> √©cole', 'value': 'Bien'}, {'label': '<strong>Les horaires</strong> en entreprise', 'value': 'Bien'}, {'label': 'D‚Äôavoir moins de <strong>vacances</strong>', 'value': 'Bien'}, {'label': '<strong>Ce que tu apprends de ce m√©tier</strong> dans ton entreprise', 'value': 'Bien'}, {'label': '<strong>Ton int√©gration et l‚Äôambiance</strong> dans ton entreprise', 'value': 'Bien'}]",Non je n‚Äôai pas besoin de son aide et/ou je peux g√©rer seul¬∑e ma situation,"['Ta sant√© au travail (mutuelle...)', 'Ta s√©curit√©', 'Ta mobilit√© (aide au permis)', 'Tes r√©mun√©rations (paye, primes...)', 'Tes droits du travail (cong√©s, horaires)']",Moyen,"[{'label': ""<strong>L'ambiance</strong>"", 'value': 'Moyen'}, {'label': '<strong>Le niveau de difficult√© des cours</strong>', 'value': 'Bien'}, {'label': '<strong>La charge de travail</strong>', 'value': 'Moyen'}, {'label': '<strong>Les √©quipements</strong> mis √† ta disposition au CFA', 'value': 'Moyen'}, {'label': '<strong>L‚Äôenseignement</strong> propos√© par le CFA', 'value': 'Bien'}, {'label': '<strong>L‚Äôaccessibilit√© du CFA</strong> pour les personnes en situation de handicap', 'value': 'Bien'}]","Oui, ils sont disponibles tout en nous laissant beaucoup en autonomie",Bien,"[{'label': '<strong>Je communique mieux</strong>', 'value': 'Oui'}, {'label': '<strong>J‚Äôai gagn√© en confiance en moi</strong>', 'value': 'Moyen'}, {'label': '<strong>Je suis autonome financi√®rement</strong>', 'value': 'Oui'}, {'label': ""<strong>J'ai trouv√© ma voie,</strong> je me sens √† ma place"", 'value': 'Oui'}, {'label': ""<strong>J'ai √©t√© f√©licit√©¬∑e pour mon travail</strong>"", 'value': 'Oui'}]",,VALIDATED,Avec l'apprentissage on peut mettre ce qu'on a appris en th√©orique en pratique donc √ßa aide a comprendre et le fait d'√™tre moins a l'√©cole c'est cool,VALIDATED,Il faut s'y prendre bien a l'avance,,,VALIDATED,La classe est tr√®s mouvement√©e ce qui rends les cours compliqu√©,,,VALIDATED,Le directeur g√©n√©ral de l'entreprise ou j'√©tais en stage m'a proposer un apprentissage dans le nouveau magasin qui va ouvrir,,,,,,,,,,,,,
['Lyc√©e (g√©n√©ral ou technologique ou professionnel)'],"[""√ätre vite autonome et gagner de l'argent"", ""√ätre moins √† l'√©cole""]",Mal,"Non je n‚Äôai pas eu besoin de lui, j‚Äôai trouv√© mon entreprise autrement",['En me d√©brouillant tout¬∑e seul¬∑e'],['Trouver des entreprises √† contacter'],Bien,"[{'label': '<strong>Le rythme</strong> entreprise <-> √©cole', 'value': 'Bien'}, {'label': '<strong>Les horaires</strong> en entreprise', 'value': 'Bien'}, {'label': 'D‚Äôavoir moins de <strong>vacances</strong>', 'value': 'Bien'}, {'label': '<strong>Ce que tu apprends de ce m√©tier</strong> dans ton entreprise', 'value': 'Bien'}, {'label': '<strong>Ton int√©gration et l‚Äôambiance</strong> dans ton entreprise', 'value': 'Moyen'}]",Non je n‚Äôai pas besoin de son aide et/ou je peux g√©rer seul¬∑e ma situation,"['Ta mobilit√© (aide au permis)', 'Tes droits du travail (cong√©s, horaires)']",Bien,"[{'label': ""<strong>L'ambiance</strong>"", 'value': 'Bien'}, {'label': '<strong>Le niveau de difficult√© des cours</strong>', 'value': 'Bien'}, {'label': '<strong>La charge de travail</strong>', 'value': 'Bien'}, {'label': '<strong>Les √©quipements</strong> mis √† ta disposition au CFA', 'value': 'Moyen'}, {'label': '<strong>L‚Äôenseignement</strong> propos√© par le CFA', 'value': 'Bien'}, {'label': '<strong>L‚Äôaccessibilit√© du CFA</strong> pour les personnes en situation de handicap', 'value': 'Bien'}]","Oui, ils sont disponibles tout en nous laissant beaucoup en autonomie",Bien,"[{'label': '<strong>Je communique mieux</strong>', 'value': 'Oui'}, {'label': '<strong>J‚Äôai gagn√© en confiance en moi</strong>', 'value': 'Oui'}, {'label': '<strong>Je suis autonome financi√®rement</strong>', 'value': 'Oui'}, {'label': ""<strong>J'ai trouv√© ma voie,</strong> je me sens √† ma place"", 'value': 'Moyen'}, {'label': ""<strong>J'ai √©t√© f√©licit√©¬∑e pour mon travail</strong>"", 'value': 'Moyen'}]",,VALIDATED,on a plus de responsabilit√©s mais on apprend plus vite et on comprends mieux en stage car on fait plus de choses,VALIDATED,toujours aller d√©marcher en r√©el se pr√©senter et avoir un cv et une lettre de motivation √† fournir,,,VALIDATED,"les cours sont sympas, int√©ressant, l‚Äôanimalerie que nous avons est beaucoup mieux on nous a permis de la r√©nover. par contre la nourriture est pas bonne ",VALIDATED,je nourris les animaux je m‚Äôoccupe des r√©ception du nettoyage et nourrissage des animaux et je vends je m‚Äôoccupe des clients,,,,,,,,,,,,,,,
['Lyc√©e (g√©n√©ral ou technologique ou professionnel)'],"[""√ätre vite autonome et gagner de l'argent""]",Bien,"Non je n‚Äôai pas eu besoin de lui, j‚Äôai trouv√© mon entreprise autrement",['En me d√©brouillant tout¬∑e seul¬∑e'],['Rien ! Je n‚Äôai rencontr√© aucune difficult√©'],Bien,"[{'label': '<strong>Le rythme</strong> entreprise <-> √©cole', 'value': 'Moyen'}, {'label': '<strong>Les horaires</strong> en entreprise', 'value': 'Bien'}, {'label': 'D‚Äôavoir moins de <strong>vacances</strong>', 'value': 'Moyen'}, {'label': '<strong>Ce que tu apprends de ce m√©tier</strong> dans ton entreprise', 'value': 'Bien'}, {'label': '<strong>Ton int√©gration et l‚Äôambiance</strong> dans ton entreprise', 'value': 'Bien'}]",Non je n‚Äôai pas besoin de son aide et/ou je peux g√©rer seul¬∑e ma situation,"['Tes droits du travail (cong√©s, horaires)', 'Tes r√©mun√©rations (paye, primes...)', 'Ta sant√© au travail (mutuelle...)', 'Ta mobilit√© (aide au permis)', 'Ta s√©curit√©']",Bien,"[{'label': ""<strong>L'ambiance</strong>"", 'value': 'Moyen'}, {'label': '<strong>Le niveau de difficult√© des cours</strong>', 'value': 'Bien'}, {'label': '<strong>La charge de travail</strong>', 'value': 'Moyen'}, {'label': '<strong>Les √©quipements</strong> mis √† ta disposition au CFA', 'value': 'Moyen'}, {'label': '<strong>L‚Äôenseignement</strong> propos√© par le CFA', 'value': 'Moyen'}, {'label': '<strong>L‚Äôaccessibilit√© du CFA</strong> pour les personnes en situation de handicap', 'value': 'Bien'}]",Non l'√©quipe n'est pas √† l'√©coute de nos besoins,Bien,"[{'label': '<strong>Je communique mieux</strong>', 'value': 'Oui'}, {'label': '<strong>J‚Äôai gagn√© en confiance en moi</strong>', 'value': 'Oui'}, {'label': '<strong>Je suis autonome financi√®rement</strong>', 'value': 'Oui'}, {'label': ""<strong>J'ai trouv√© ma voie,</strong> je me sens √† ma place"", 'value': 'Moyen'}, {'label': ""<strong>J'ai √©t√© f√©licit√©¬∑e pour mon travail</strong>"", 'value': 'Oui'}]",,VALIDATED,Rien ne change a part le faite d‚Äô√™tre en entreprise de temps en temps,VALIDATED,C‚Äô√©tait long il faut avoir de la patiente,REJECTED,,,,VALIDATED,Le travaille change tout le temps mais pour √™tre s√ªr fait un stage partiel,,,,,,,,,,,,,,,
['Autre chose'],,,,,,,,,,,,,,,,,,,,,,,,,,,,,REJECTED,J'ai t'ai a l'IME,,,,,,,,,,
"['Autre chose', 'Coll√®ge']","['Travailler, apprendre le m√©tier qui me pla√Æt']",,,,,,,,,,,,,,,,,,,,,,,,,,,,REJECTED,J'ai t'ai a l'IME,,,,,,,,,,
"['Autre chose', 'Coll√®ge']","['Travailler, apprendre le m√©tier qui me pla√Æt']",Bien,Oui j‚Äôai eu besoin de lui et il m‚Äôa aid√©,"[""Une personne de ma famille ou de mon entourage m'a aid√©¬∑e""]",['Rien ! Je n‚Äôai rencontr√© aucune difficult√©'],Bien,"[{'label': '<strong>Le rythme</strong> entreprise <-> √©cole', 'value': 'Moyen'}, {'label': '<strong>Les horaires</strong> en entreprise', 'value': 'Bien'}, {'label': 'D‚Äôavoir moins de <strong>vacances</strong>', 'value': 'Moyen'}, {'label': '<strong>Ce que tu apprends de ce m√©tier</strong> dans ton entreprise', 'value': 'Bien'}, {'label': '<strong>Ton int√©gration et l‚Äôambiance</strong> dans ton entreprise', 'value': 'Bien'}]",Oui j‚Äôai besoin de son aide,"['Ta s√©curit√©', 'Ta sant√© au travail (mutuelle...)', 'Ta mobilit√© (aide au permis)', 'Tes r√©mun√©rations (paye, primes...)', 'Tes droits du travail (cong√©s, horaires)']",Bien,"[{'label': ""<strong>L'ambiance</strong>"", 'value': 'Bien'}, {'label': '<strong>Le niveau de difficult√© des cours</strong>', 'value': 'Moyen'}, {'label': '<strong>La charge de travail</strong>', 'value': 'Moyen'}, {'label': '<strong>Les √©quipements</strong> mis √† ta disposition au CFA', 'value': 'Bien'}, {'label': '<strong>L‚Äôenseignement</strong> propos√© par le CFA', 'value': 'Bien'}, {'label': '<strong>L‚Äôaccessibilit√© du CFA</strong> pour les personnes en situation de handicap', 'value': 'Bien'}]","Oui, ils sont disponibles tout en nous laissant beaucoup en autonomie",Bien,"[{'label': '<strong>Je communique mieux</strong>', 'value': 'Moyen'}, {'label': '<strong>J‚Äôai gagn√© en confiance en moi</strong>', 'value': 'Moyen'}, {'label': '<strong>Je suis autonome financi√®rement</strong>', 'value': 'Moyen'}, {'label': ""<strong>J'ai trouv√© ma voie,</strong> je me sens √† ma place"", 'value': 'Oui'}, {'label': ""<strong>J'ai √©t√© f√©licit√©¬∑e pour mon travail</strong>"", 'value': 'Oui'}]",,VALIDATED,On apprend le syst√®me du m√©tier,VALIDATED,Parle a ton en tourage,,,,,,,,,,REJECTED,J'ai t'ai a l'IME,,,,,,,,,,
['Autre formation en apprentissage'],"[""√ätre vite autonome et gagner de l'argent"", ""√ätre moins √† l'√©cole""]",Bien,"Non je n‚Äôai pas eu besoin de lui, j‚Äôai trouv√© mon entreprise autrement",['Autrement'],['Rien ! Je n‚Äôai rencontr√© aucune difficult√©'],Bien,"[{'label': '<strong>Le rythme</strong> entreprise <-> √©cole', 'value': 'Bien'}, {'label': '<strong>Les horaires</strong> en entreprise', 'value': 'Bien'}, {'label': 'D‚Äôavoir moins de <strong>vacances</strong>', 'value': 'Bien'}, {'label': '<strong>Ce que tu apprends de ce m√©tier</strong> dans ton entreprise', 'value': 'Bien'}, {'label': '<strong>Ton int√©gration et l‚Äôambiance</strong> dans ton entreprise', 'value': 'Bien'}]",Non je n‚Äôai pas besoin de son aide et/ou je peux g√©rer seul¬∑e ma situation,"['Ta s√©curit√©', 'Tes droits du travail (cong√©s, horaires)', 'Tes r√©mun√©rations (paye, primes...)']",Mal,"[{'label': ""<strong>L'ambiance</strong>"", 'value': 'Pas ok'}, {'label': '<strong>Le niveau de difficult√© des cours</strong>', 'value': 'Pas ok'}, {'label': '<strong>La charge de travail</strong>', 'value': 'Pas ok'}, {'label': '<strong>Les √©quipements</strong> mis √† ta disposition au CFA', 'value': 'Pas ok'}, {'label': '<strong>L‚Äôenseignement</strong> propos√© par le CFA', 'value': 'Pas ok'}, {'label': '<strong>L‚Äôaccessibilit√© du CFA</strong> pour les personnes en situation de handicap', 'value': 'Pas ok'}]","Oui, ils sont disponibles tout en nous laissant beaucoup en autonomie",Bien,"[{'label': '<strong>Je communique mieux</strong>', 'value': 'Oui'}, {'label': '<strong>J‚Äôai gagn√© en confiance en moi</strong>', 'value': 'Oui'}, {'label': '<strong>Je suis autonome financi√®rement</strong>', 'value': 'Oui'}, {'label': ""<strong>J'ai trouv√© ma voie,</strong> je me sens √† ma place"", 'value': 'Oui'}, {'label': ""<strong>J'ai √©t√© f√©licit√©¬∑e pour mon travail</strong>"", 'value': 'Oui'}]",,VALIDATED,plus d‚Äôautonomie gagn√©e de l‚Äôargent moins au lyc√©e,VALIDATED,tr√®s bien et persiste,VALIDATED,je sais pas,VALIDATED,les formateur son super mais le reste pas bien,VALIDATED,je fais le m√©nage des chambre le matin je distribue le petit d√©jeuner j‚Äôaide au repas,VALIDATED,mon ancien entreprise de stage,,,,,,,,,,,,,
['Autre formation en apprentissage'],,,,,,,,,,,,,,,,,,,,,,,,,,,,,,,,,,,,,,,,